токен	книга_hex	строка_книги	calc_знач	calc_использ	report_знач	report_использ	index_знач	index_использ	статус
--bg			var(--c-bg)	9	var(--c-bg)	8	var(--c-bg)	0	нет_в_книге
--c-a-100	#FEF3D6	60	#FEF3D6	0	#FEF3D6	3	#FEF3D6	0	ok
--c-a-200	#FBE3AE	61	#FBE3AE	3	#FBE3AE	1	#FBE3AE	0	ok
--c-a-300	#F2C48A	62	#F2C48A	2	#F2C48A	3	#F2C48A	0	ok
--c-a-350	#E8A05C	63	#E8A05C	0	#E8A05C	0	#E8A05C	0	ok
--c-a-400	#F5B301	64	#F5B301	5	#F5B301	4	#F5B301	2	ok
--c-a-50	#FFFBEF	59	#FFFBEF	9	#FFFBEF	11	#FFFBEF	0	ok
--c-a-500	#D9762E	65	#D9762E	5	#D9762E	5	#D9762E	0	ok
--c-a-600	#C4551F	66	#C4551F	1	#C4551F	2	#C4551F	0	ok
--c-a-700	#B45309	67	#B45309	2	#B45309	7	#B45309	0	ok
--c-a-800	#92400E	68	#92400E	3	#92400E	7	#92400E	0	ok
--c-a-900	#7A5309	69	#7A5309	1	#7A5309	3	#7A5309	0	ok
--c-a-br	#8A5C4A	70	#8A5C4A	0	#8A5C4A	0	#8A5C4A	0	ok
--c-a-br2	#5F3B2E	71	#5F3B2E	0	#5F3B2E	0	#5F3B2E	0	ok
--c-b-100	#E7F0FA	75	#E7F0FA	1	#E7F0FA	4	#E7F0FA	0	ok
--c-b-200	#CFE0F3	76	#CFE0F3	0	#CFE0F3	2	#CFE0F3	0	ok
--c-b-250	#B7C9E8	77	#B7C9E8	1	#B7C9E8	0	#B7C9E8	0	ok
--c-b-300	#8FC7E8	78	#8FC7E8	1	#8FC7E8	3	#8FC7E8	0	ok
--c-b-400	#5CA8E0	79	#5CA8E0	5	#5CA8E0	8	#5CA8E0	0	ok
--c-b-50	#F6FAFE	74	#F6FAFE	5	#F6FAFE	7	#F6FAFE	0	ok
--c-b-500	#3B82F6	80	#3B82F6	4	#3B82F6	3	#3B82F6	2	ok
--c-b-600	#2F80C4	81	#2F80C4	2	#2F80C4	2	#2F80C4	0	ok
--c-b-700	#2A6FAB	82	#2A6FAB	4	#2A6FAB	4	#2A6FAB	0	ok
--c-b-800	#1D4ED8	83	#1D4ED8	0	#1D4ED8	2	#1D4ED8	0	ok
--c-b-900	#3B6398	84	#3B6398	1	#3B6398	1	#3B6398	0	ok
--c-b-mut	#7189AE	85	#7189AE	0	#7189AE	2	#7189AE	0	ok
--c-bg	#F5F6F8	26	#F5F6F8	15	#F5F6F8	21	#F5F6F8	1	ok
--c-fns-1				0	#1B2E6B	8		0	нет_в_книге
--c-fns-2				0	#2C3E82	8		0	нет_в_книге
--c-fns-3				0	#C6D0EC	2		0	нет_в_книге
--c-fns-4				0	#EEF1FA	3		0	нет_в_книге
--c-fns-5				0	#F7F9FD	0		0	нет_в_книге
--c-g-100	#EAF6EE	32	#EAF6EE	4	#EAF6EE	8	#EAF6EE	1	ok
--c-g-200	#D8EEDF	33	#D8EEDF	3	#D8EEDF	7	#D8EEDF	0	ok
--c-g-300	#A9DDB8	34	#A9DDB8	6	#A9DDB8	8	#A9DDB8	0	ok
--c-g-350	#6FD183	35	#6FD183	6	#6FD183	2	#6FD183	3	ok
--c-g-400	#4FC26A	36	#4FC26A	1	#4FC26A	8	#4FC26A	0	ok
--c-g-50	#F5FBF7	31	#F5FBF7	9	#F5FBF7	14	#F5FBF7	1	ok
--c-g-500	#21A038	37	#21A038	17	#21A038	15	#21A038	4	ok
--c-g-600	#1B9331	38	#1B9331	6	#1B9331	6	#1B9331	1	ok
--c-g-700	#158026	39	#158026	14	#158026	23	#158026	1	ok
--c-g-800	#0B6B22	40	#0B6B22	6	#0B6B22	10	#0B6B22	2	ok
--c-g-900	#14532D	41	#14532D	3	#14532D	4	#14532D	1	ok
--c-g-mut	#5C9C6C	42	#5C9C6C	0	#5C9C6C	0	#5C9C6C	0	ok
--c-gr	#6B7280	13	#6B7280	16	#6B7280	36	#6B7280	1	ok
--c-gr2	#9CA3AF	16	#9CA3AF	19	#9CA3AF	28	#9CA3AF	0	ok
--c-gr3	#B6BCC4	17	#B6BCC4	9	#B6BCC4	15	#B6BCC4	0	ok
--c-ig-1	#833AB4	122	#833AB4	1	#833AB4	9		0	ok
--c-ig-2	#C13584	123	#C13584	2	#C13584	19		0	ok
--c-ig-3	#E1306C	124	#E1306C	5	#E1306C	12		0	ok
--c-ig-4	#F56040	125	#F56040	1	#F56040	6		0	ok
--c-ink	#1A1A1A	6	#1A1A1A	15	#1A1A1A	24	#1A1A1A	1	ok
--c-ink2	#374151	9	#374151	17	#374151	23	#374151	0	ok
--c-ink3	#4B5563	10	#4B5563	10	#4B5563	13	#4B5563	0	ok
--c-ln	#E5E7EB	20	#E5E7EB	30	#E5E7EB	31	#E5E7EB	1	ok
--c-ln2	#F0F2F5	23	#F0F2F5	2	#F0F2F5	7	#F0F2F5	0	ok
--c-p-100	#FCE7F3	95	#FCE7F3	0	#FCE7F3	5	#FCE7F3	0	ok
--c-p-200	#F9BBD4	116		0	#F9BBD4	4		0	ok
--c-p-300	#F5C6DC	117		0	#F5C6DC	1		0	ok
--c-p-400	#F385B4	118		0	#F385B4	1		0	ok
--c-p-50	#FFF7FB	94	#FFF7FB	0	#FFF7FB	7	#FFF7FB	0	ok
--c-p-500	#EC4899	96	#EC4899	0	#EC4899	0	#EC4899	0	ok
--c-p-600	#B93A6B	119		0	#B93A6B	1		0	ok
--c-p-700	#9D174D	97	#9D174D	0	#9D174D	7	#9D174D	0	ok
--c-r-100	#FDE8E8	46	#FDE8E8	1	#FDE8E8	0	#FDE8E8	0	ok
--c-r-200	#F7D3D3	47	#F7D3D3	0	#F7D3D3	2	#F7D3D3	0	ok
--c-r-300	#E4A9A9	48	#E4A9A9	3	#E4A9A9	1	#E4A9A9	0	ok
--c-r-400	#E8828E	49	#E8828E	0	#E8828E	1	#E8828E	0	ok
--c-r-50	#FFF6F6	45	#FFF6F6	4	#FFF6F6	8	#FFF6F6	0	ok
--c-r-500	#EF4444	50	#EF4444	12	#EF4444	6	#EF4444	1	ok
--c-r-550	#D6566A	51	#D6566A	0	#D6566A	1	#D6566A	0	ok
--c-r-600	#C43D51	52	#C43D51	0	#C43D51	2	#C43D51	0	ok
--c-r-650	#D0342F	53	#D0342F	2	#D0342F	0	#D0342F	0	ok
--c-r-700	#B91C1C	54	#B91C1C	5	#B91C1C	14	#B91C1C	0	ok
--c-r-800	#991B1B	55	#991B1B	0	#991B1B	2	#991B1B	0	ok
--c-r-900	#7F1D1D	56	#7F1D1D	1	#7F1D1D	2	#7F1D1D	0	ok
--c-surf	#FAFBFC	27	#FAFBFC	3	#FAFBFC	15	#FAFBFC	0	ok
--c-v-300	#C7B9EC	89	#C7B9EC	0	#C7B9EC	0	#C7B9EC	0	ok
--c-v-50	#F8F5FE	88	#F8F5FE	0	#F8F5FE	1	#F8F5FE	0	ok
--c-v-500	#8B5CF6	90	#8B5CF6	1	#8B5CF6	0	#8B5CF6	2	ok
--c-v-700	#6D3FD4	91	#6D3FD4	0	#6D3FD4	1	#6D3FD4	0	ok
--c-white	#FFFFFF	28	#FFFFFF	59	#FFFFFF	57	#FFFFFF	7	ok
--c1			var(--c-g-500)	0		0	var(--c-g-500)	0	нет_в_книге
--c2			var(--c-r-500)	0		0	var(--c-r-500)	0	нет_в_книге
--c3			var(--c-a-400)	0		0	var(--c-a-400)	0	нет_в_книге
--c4			var(--c-v-500)	0		0	var(--c-v-500)	0	нет_в_книге
--c5			var(--c-b-500)	0		0	var(--c-b-500)	0	нет_в_книге
--g			var(--c-g-500)	11	var(--c-g-500)	3	var(--c-g-500)	0	нет_в_книге
--gd			var(--c-g-700)	12	var(--c-g-700)	9	var(--c-g-700)	0	нет_в_книге
--gl			var(--c-g-100)	4	var(--c-g-100)	9	var(--c-g-100)	0	нет_в_книге
--gr			var(--c-gr)	35	var(--c-gr)	40	var(--c-gr)	0	нет_в_книге
--ink			var(--c-ink)	22	var(--c-ink)	35	var(--c-ink)	0	нет_в_книге
--ln			var(--c-ln)	13	var(--c-ln)	10	var(--c-ln)	0	нет_в_книге
--r			20px	19	20px	16	20px	1	нет_в_книге
--sh			0 2px 12px rgba(16,24,40,.06)	13	0 2px 12px rgba(16,24,40,.06)	4		0	нет_в_книге
--zc1			var(--c-g-350)	0		0		0	нет_в_книге
--zc2			var(--c-g-500)	0		0		0	нет_в_книге
