ключ	статус	строка_книги	где	файлы_html	текст
add_01	ok	86	Форма · вопросы анкеты	web/calc.html	+ Добавить позицию
add_02	ok	96	Форма · вопросы анкеты	web/calc.html	+ Добавить позицию
add_03	ok	108	Форма · вопросы анкеты	web/calc.html	+ Добавить подписку
add_04	ok	118	Форма · вопросы анкеты	web/calc.html	+ Добавить программу
add_05	ok	166	Форма · вопросы анкеты	web/calc.html	+ Добавить позицию
add_06	ok	178	Форма · вопросы анкеты	web/calc.html	+ Добавить обучение
add_07	ok	214	Форма · вопросы анкеты	web/calc.html	+ Добавить канал
add_08	ok	226	Форма · вопросы анкеты	web/calc.html	+ Добавить платёж
an_01	только_книга	273	Форма · блок оплаты (paywall)		Детальный графикна месяц
an_02	только_книга	277	Форма · блок оплаты (paywall)		Скидкиза объём
an_03	только_книга	281	Форма · блок оплаты (paywall)		Минимальнаяцена часа
ax_01	только_книга	275	Форма · блок оплаты (paywall)		Сколько съёмок брать и как расставить их по дням, чтобы успевать обрабатывать и не выгорать
ax_02	только_книга	279	Форма · блок оплаты (paywall)		Сколько уступить постоянному клиенту за длинную съёмку — за счёт накладных, а не вашего дохода
ax_03	только_книга	283	Форма · блок оплаты (paywall)		Точка безубыточности: ниже неё вы работаете себе в убыток. Спокойный ответ на просьбу о скидке
bs_01	только_книга	345	НЕ ИСПОЛЬЗУЕТСЯ		УДАЛЕНО из HTML: —
bt_01	только_книга	344	Форма · шапка		счётикс
bt_02	ok	517	Форма и отчёт · логотип	web/calc.html,web/index.html,web/report.html	твоя юнит-экономика
bt_03	только_HTML			web/index.html	
ct_01	только_HTML			web/calc.html	
ct_02	только_HTML			web/calc.html	
ct_03	только_HTML			web/calc.html	
ct_04	только_HTML			web/calc.html	
ct_05	только_HTML			web/calc.html	
def_01	только_HTML			web/calc.html	
exp_01	ok	474	Форма · вопросы анкеты · подсказка «что сюда входит»	web/calc.html	Вот что мы заложили как основные этапы постпродакшна
exp_02	ok	475	Форма · вопросы анкеты · подсказка «что сюда входит»	web/calc.html	Вот что мы заложили как основные этапы работы с клиентом
exp_03	ok	476	Форма · вопросы анкеты · подсказка «что сюда входит»	web/calc.html	Что включено в эти 2 часа
exp_04	только_HTML			web/calc.html	
h1_01	только_книга	6	Форма · шапка		Сколько на самом деле стоит ваш час
h2_01	ok	10	Форма · вопросы анкеты	web/calc.html	Ваш желаемый доход
h2_02	ok	18	Форма · вопросы анкеты	web/calc.html	Ваш налоговый режим
h2_03	ok	32	Форма · вопросы анкеты	web/calc.html	Как мы считаем:
h2_03t	только_HTML			web/calc.html	
h2_04	только_книга	46	Форма · вопросы анкеты		Посчитаем ваше время
h2_05	только_книга	58	Форма · вопросы анкеты		Как устроена ваша работа
h2_06	ok	78	Форма · вопросы анкеты	web/calc.html	Съёмочная техника
h2_07	ok	88	Форма · вопросы анкеты	web/calc.html	Офисная техника
h2_08	ok	98	Форма · вопросы анкеты	web/calc.html	Программное обеспечение
h2_09	ok	120	Форма · вопросы анкеты	web/calc.html	Рабочее место
h2_10	ok	168	Форма · вопросы анкеты	web/calc.html	Обучение и курсы
h2_11	ok	186	Форма · вопросы анкеты	web/calc.html	Создание сайта
h2_12	ok	206	Форма · вопросы анкеты	web/calc.html	Реклама и продвижение
h2_13	ok	216	Форма · вопросы анкеты	web/calc.html	Банковское обслуживание
h2_14	ok	238	Форма · вопросы анкеты	web/calc.html	Бухгалтерия и учёт
h2_14z	только_HTML			web/calc.html	
h2_15	только_книга	258	Форма · краткий результат		Куда уходит каждый час съёмки
h2_15z	только_HTML			web/calc.html	
h2_16	только_книга	309	Форма · размытое превью отчёта		Куда уходит каждый час
h2_16z	только_HTML			web/calc.html	
h2_17	только_книга	313	Форма · размытое превью отчёта		За какие роли вы это заработали
h2_18	только_книга	321	Форма · краткий результат		Что это значит
h2_19	только_книга	331	Форма · размытое превью отчёта		Ваша неделя
h2_19b	только_книга	322	Форма · размытое превью отчёта		Сетка цен по объёму
h2_rash	только_HTML			web/calc.html	
h2_rez	только_HTML			web/calc.html	
h2_time	только_HTML			web/calc.html	
h3_01	только_книга	262	Форма · подписка		Спасибо за поддержку!
h3_02	только_книга	263	Форма · блок оплаты (paywall)		Скачать детальный отчёт
Готовые цифры, которые можно применить уже завтра: что ставить в прайс, сколько съёмок брать и где проходит ваша нижняя граница.
hint_00t	только_HTML			web/calc.html	
hint_01	только_книга	48	Форма · вопросы анкеты		Ваш минимальный выезд. От него считается базовая ставка часа, а всё, что длиннее, — скидка за объём
hint_02	ok	80	Форма · вопросы анкеты	web/calc.html	Это набор вашего базового оборудования, без которого вы просто не сможете провести съёмку. Укажите текущую рыночную стоимость и срок, за который позицию придётся заменить.

Не включайте сюда специфическое оборудование, которое требуется под задачи конкретного заказчика. Его стоимость лучше сразу закладывать в смету как дополнительную аренду.
hint_03	ok	90	Форма · вопросы анкеты	web/calc.html	Это оборудование, которое помогает вам выполнять заказы и решать рабочие задачи за компьютером. Укажите его текущую рыночную стоимость и срок, через который планируете заменить.
hint_04	ok	122	Форма · вопросы анкеты	web/calc.html	В найме рабочее место предоставляет работодатель. Когда вы работаете на себя, вы создаёте и оплачиваете его самостоятельно — поэтому эти расходы тоже должны быть учтены в стоимости вашего часа.
hint_05	ok	170	Форма · вопросы анкеты	web/calc.html	Опишите, сколько времени и денег вы вложили, чтобы получить профессию
hint_06	только_книга	188	Форма · вопросы анкеты		
hint_07	ok	208	Форма · вопросы анкеты	web/calc.html	Деньги, которые вы регулярно тратите на поиск и привлечение клиентов
hint_08	только_книга	240	Форма · вопросы анкеты		
hint_08z	только_HTML			web/calc.html	
hint_09	только_книга	260	Форма · краткий результат		Вам платят за час на площадке, но эти деньги покрывают всю работу вокруг него
hint_09z	только_HTML			web/calc.html	
hint_10	только_книга	311	Форма · размытое превью отчёта		Сколько нужно брать, сколько берёте сейчас и минимум без убытка
hint_10z	только_HTML			web/calc.html	
hint_11	только_книга	315	Форма · размытое превью отчёта		Фотографом вы работаете меньше всего — основное время уходит на остальное
hint_12	только_книга	333	Форма · подсказки		Пять рабочих дней, с 10:00 до 19:00. Каждый квадрат — один час
hint_19b	только_книга	324	Форма · размытое превью отчёта		Чем длиннее съёмка, тем дешевле час — но не за счёт вашего дохода, а за счёт накладных
k_01	только_книга	254	Форма · краткий результат		за одну съёмку
k_02	только_книга	255	Форма · краткий результат		выручка в месяц
k_03	только_книга	256	Форма · краткий результат		съёмок в месяц
lb	только_книга	251	Форма		
lb_01	только_книга	252	Форма · краткий результат		Ваша расчётная ставка
lt_01	только_книга	307	НЕ ИСПОЛЬЗУЕТСЯ		УДАЛЕНО из HTML: —
more_01	только_книга	496	Форма · блок оплаты (paywall)		Что ещё внутри
Полная раскладка часа.
nh_01	только_книга	285	Форма · блок оплаты (paywall)		Зачем мы это сделали
nh_02	только_книга	289	Форма · блок оплаты (paywall)		Что даёт ваша поддержка
note_01	только_книга	287	Форма · блок оплаты (paywall)		Мы сами работаем на себя и знаем, как это бывает: берёшь заказ, вроде бы неплохие деньги, а к концу месяца их нет. Потому что за кадром остались часы обработки, переписка, продвижение и техника, которая изнашивается. Этот калькулятор считает то, что обычно не считают, — и показывает честную цену вашего времени.
note_02	только_книга	291	Форма · блок оплаты (paywall)		Калькулятор бесплатный и таким останется. Каждая оплата для нас — сигнал, что он действительно нужен и мы делаем полезное дело. Она же защищает сервис от ботов и даёт возможность развивать его дальше: добавлять расчёты, форматы и профессии. Спасибо, что поддерживаете.
own_01	ok	128	Форма · вопросы анкеты	web/calc.html	Живу в своём, ипотеки нет
own_02	ok	347	Форма · подсказки	web/calc.html	Рекомендуем учитывать стоимость рабочего места в расчёте.

Иначе вы фактически субсидируете клиентов своими метрами, используя собственное жильё как рабочий ресурс для выполнения их задач.

Укажите актуальную стоимость аренды аналогичного жилья в вашем городе или размер ежемесячного ипотечного платежа.
pd_01	только_книга	265	Форма · блок оплаты (paywall)		Готовые цифры, которые можно применить уже завтра: что ставить в прайс, сколько съёмок брать и где проходит ваша нижняя граница.
ph_01	только_книга	293	Форма · опрос		Расскажите, что вам нужно ещё
ph_02	только_книга	294	Форма · опрос		Мы только начинаем и хотим делать то, что действительно пригодится. Отметьте сердечком, какое направление доработать в первую очередь — ваш совет решает.
pi_01	только_книга	296	НЕ ИСПОЛЬЗУЕТСЯ		УДАЛЕНО из HTML: Калькулятор личного бюджета
pi_01d	только_книга	297	НЕ ИСПОЛЬЗУЕТСЯ		УДАЛЕНО из HTML: сколько нужно зарабатывать, чтобы жить, а не выживать
pi_02	только_книга	298	НЕ ИСПОЛЬЗУЕТСЯ		УДАЛЕНО из HTML: Прайс и счета прямо здесь
pi_02d	только_книга	299	НЕ ИСПОЛЬЗУЕТСЯ		УДАЛЕНО из HTML: сформировать прайс-лист и выставить счёт клиенту
pi_03	только_книга	300	НЕ ИСПОЛЬЗУЕТСЯ		УДАЛЕНО из HTML: Приложение на телефон
pi_03d	только_книга	301	НЕ ИСПОЛЬЗУЕТСЯ		УДАЛЕНО из HTML: чтобы посчитать цену прямо на переговорах
pi_04	только_книга	302	НЕ ИСПОЛЬЗУЕТСЯ		УДАЛЕНО из HTML: Своя идея
pi_04d	только_книга	303	НЕ ИСПОЛЬЗУЕТСЯ		УДАЛЕНО из HTML: напишите, чего не хватает именно вам
pi_btn	только_книга	304	Форма · подписка		Отправить
pi_ok	только_книга	305	НЕ ИСПОЛЬЗУЕТСЯ		УДАЛЕНО из HTML: —
pi_ph	только_книга	341	Форма · подписка		
pl_01	только_книга	267	Форма · блок оплаты (paywall)		Поблагодарить и скачать
q_01	только_книга	12	Форма · вопросы анкеты		Сколько вы хотите получать на руки каждый месяц?
q_02	ok	20	Форма · вопросы анкеты	web/calc.html	На каком режиме налогообложения вы работаете?
q_02b	ok	23	Форма · вопросы	web/calc.html	С кем вы чаще работаете?
q_03	только_книга	26	Форма · вопросы анкеты		Сколько вы берёте за час съёмки сейчас?
q_04	только_книга	50	Форма · вопросы анкеты		Какая у вас минимальная продолжительность съёмки?
q_04b	только_книга	493	Форма · вопросы анкеты		Сколько обработанных кадров вы отдаёте с одного часа съёмки?
q_05	только_книга	60	Форма · вопросы анкеты		Сколько часов вы тратите на обработку одного часа отснятого материала?
q_06	только_книга	66	Форма · вопросы анкеты		Сколько времени уходит на общение с клиентом по одному заказу?
q_07	только_книга	72	Форма · вопросы анкеты		Сколько часов в день вы тратите на продвижение?
q_08	ok	124	Форма · вопросы анкеты	web/calc.html	Сколько вы платите за жильё в месяц?
q_09	ok	132	Форма · вопросы анкеты	web/calc.html	Коммунальные платежи, интернет и связь
q_10	ok	138	Форма · вопросы анкеты	web/calc.html	Общая площадь вашего жилья
q_11	ok	142	Форма · вопросы анкеты	web/calc.html	Сколько метров выделено под вашу рабочую зону?
q_12	ok	148	Форма · вопросы анкеты	web/calc.html	Стоимость аренды помещения
q_13	ok	154	Форма · вопросы анкеты	web/calc.html	Коммунальные платежи, интернет и связь
q_14	ok	180	Форма · вопросы анкеты	web/calc.html	За сколько лет вы хотите окупить вложения в обучение?
q_15	ok	190	Форма · вопросы анкеты	web/calc.html	Сколько вы заплатили за создание сайта?
q_16	ok	194	Форма · вопросы анкеты	web/calc.html	Сколько времени вы потратили на создание сайта?
q_17	ok	200	Форма · вопросы анкеты	web/calc.html	За сколько лет окупить вложения в сайт?
q_18	только_книга	230	Форма · вопросы анкеты		Эквайринг
q_19	ok	234	Форма · вопросы анкеты	web/calc.html	Какая доля оплат проходит через эквайринг?
q_20	ok	242	Форма · вопросы анкеты	web/calc.html	Сколько часов в квартал уходит на отчётность?
q_21	ok	248	Форма · вопросы анкеты	web/calc.html	Сколько стоит ведение учёта?
qd_01	ok	14	Форма · вопросы анкеты	web/calc.html	Это сумма, которая остаётся вам после всех расходов и налогов. От неё считается всё остальное.
qd_02	ok	22	Форма · вопросы анкеты	web/calc.html	Выберите свой режим налогообложения или воспользуйтесь автоматическим подбором.
qd_02b	ok	24	Форма · вопросы	web/calc.html	Если работаете и с частными лицами, и с компаниями — НПД посчитаем по усреднённой ставке 5%.
qd_03	только_книга	28	Форма · вопросы анкеты		Нужно, чтобы показать разницу между вашей текущей и расчётной ставкой. Можно оставить пустым.
qd_04	ok	52	Форма · вопросы анкеты	web/calc.html	Укажите минимальное количество съёмочных часов, ради которых вы готовы выезжать на заказ.
qd_04b	ok	494	Форма · вопросы анкеты	web/calc.html	Укажите, сколько готовых кадров в среднем вы отдаёте за один час съёмки, после отбора и цветокоррекции.
qd_05	ok	56	Форма · вопросы анкеты	web/calc.html	Часть времени всегда уходит впустую: клиент перенёс, погода подвела, пришлось ехать повторно.
qd_05b	только_HTML			web/calc.html	
qd_06	ok	62	Форма · вопросы анкеты	web/calc.html	Укажите, сколько времени в среднем вы тратите на подготовку материала за 1 час съёмки. Учитывайте всё время — от начала выгрузки материала на компьютер до передачи готового результата клиенту.
qd_07	ok	68	Форма · вопросы анкеты	web/calc.html	Укажите, сколько времени в среднем вы тратите на общение с клиентом и организацию одного уже подтверждённого проекта.
qd_08	ok	74	Форма · вопросы анкеты	web/calc.html	Укажите, сколько времени в среднем вы тратите на поиск новых клиентов и продвижение своих услуг.
qd_09	ok	126	Форма · вопросы анкеты	web/calc.html	Аренда или ипотека.
qd_10	ok	134	Форма · вопросы анкеты	web/calc.html	Если вы работаете из дома, коммунальные платежи, интернет и связь учитываются пропорционально площади, которую занимает рабочая зона.
qd_11	только_книга	144	Форма · вопросы анкеты		
qd_12	ok	150	Форма · вопросы анкеты	web/calc.html	Студия, кабинет или место в коворкинге.
qd_13	ok	182	Форма · вопросы анкеты	web/calc.html	Стоимость обучения будет равномерно распределена на выбранный срок. Обычно для расчёта берут период от 5 до 10 лет.
qd_14	только_книга	192	Форма · вопросы анкеты		
qd_15	только_книга	196	Форма · вопросы анкеты		
qd_16	ok	202	Форма · вопросы анкеты	web/calc.html	Через этот срок сайт устареет и потребует переделки.
qd_18	только_книга	236	Форма · вопросы анкеты		
qd_19	только_книга	244	Форма · вопросы анкеты		Вот что мы заложили как основные этапы ведения учёта и бухгалтерии

1. Учёт доходов и расходов:
— фиксация доходов и расходов;
— ведение книги учёта;
— сверка операций с банковской выпиской.

2. Налоги и взносы:
— расчёт налогов;
— уплата налогов и страховых взносов;
— контроль сроков обязательных платежей.

3. Подготовка отчётности:
— подготовка и отправка деклараций;
— подготовка другой обязательной отчётности;
— контроль сроков сдачи.

4. Взаимодействие с налоговой:
— сверка с налоговой инспекцией;
— проверка начислений и задолженности;
— ответы на требования и уведомления.
qd_22	только_HTML			web/calc.html	
qd_22b	только_HTML			web/calc.html	
qd_23	только_HTML			web/calc.html	
qd_23b	только_HTML			web/calc.html	
rbd_d1	только_книга	556	Полный отчёт		УДАЛЕНО из HTML: подзаголовки групп убраны — Сколько часов в неделю уходит на каждый вид работы
rbd_d2	только_книга	558	Полный отчёт		УДАЛЕНО из HTML: подзаголовки групп убраны — Сколько денег в месяц уходит помимо вашего дохода
rbd_h1	только_книга	553	Полный отчёт		УДАЛЕНО из HTML: блок «Как распределяется бюджет» со столбцами убран, название перешло блоку 01 — Как распределяется бюджет
rbd_h2	только_книга	554	Полный отчёт		УДАЛЕНО из HTML: блок «Как распределяется бюджет» со столбцами убран, название перешло блоку 01 — Всё, что стоит за одной съёмкой, делится на две части. Временные затраты — часы на сам заказ и на работу, без которой заказов просто не будет: поиск клиентов, переписка, отчётность. Финансовые затраты — вложения в дело: техника, обучение, реклама, налоги. Ниже видно, сколько занимает каждая часть.
rbd_h2a	ok	580	Полный отчёт	web/report.html	Клиент готов оплачивать только время, проведённое вами на съёмочной площадке, зачастую не подозревая о колоссальном объёме закулисной работы
rbd_h2b	ok	581	Полный отчёт	web/report.html	Именно поэтому в стоимость съёмочного часа необходимо закладывать абсолютно все сопутствующие затраты
rbd_h2c	ok	583	Полный отчёт	web/report.html	Часы на сам заказ и на работу, без которой заказов просто не будет: съёмка, обработка, переписка, продвижение, отчётность
rbd_h2c1	ok	589	Полный отчёт	web/report.html	Ваше время
rbd_h2d	ok	584	Полный отчёт	web/report.html	Вложения в дело: техника и программы, обучение и опыт, реклама, аренда, налоги — уже потраченные или уходящие каждый месяц
rbd_h2d1	ok	590	Полный отчёт	web/report.html	Ваши деньги
rbd_h2e	только_книга	586	Полный отчёт		УДАЛЕНО из HTML: строка-связка убрана, роль перешла к подписям половин яблока — Все затраты можно разделить на две основные части:
rbd_hint	только_книга	577	Полный отчёт		УДАЛЕНО из HTML: блок «Как распределяется бюджет» со столбцами убран, название перешло блоку 01 — Наведите на столбец — он раскроется и покажет, что входит
rbd_l1	только_книга	578	Полный отчёт		УДАЛЕНО из HTML: блок «Как распределяется бюджет» со столбцами убран, название перешло блоку 01 — Временные затраты
rbd_l2	только_книга	579	Полный отчёт		УДАЛЕНО из HTML: блок «Как распределяется бюджет» со столбцами убран, название перешло блоку 01 — Финансовые затраты
rbd_nh	ok	582	Полный отчёт	web/report.html	Из чего складывается ваша цена
rbd_t1	только_книга	555	Полный отчёт		УДАЛЕНО из HTML: блок «Как распределяется бюджет» со столбцами убран, название перешло блоку 01 — Ваши временные затраты
rbd_t2	только_книга	557	Полный отчёт		УДАЛЕНО из HTML: блок «Как распределяется бюджет» со столбцами убран, название перешло блоку 01 — Ваши финансовые затраты
rbd_v1	только_книга	559	Полный отчёт		ЗАМЕНЕНО: статичные плашки стали интерактивными полосами (тексты в JS) — Продвижение и поиск заказов
rbd_v2	только_книга	561	Полный отчёт		ЗАМЕНЕНО: статичные плашки стали интерактивными полосами (тексты в JS) — Учёт и отчётность
rbd_v3	только_книга	563	Полный отчёт		ЗАМЕНЕНО: статичные плашки стали интерактивными полосами (тексты в JS) — Работа с клиентом
rbd_v4	только_книга	565	Полный отчёт		ЗАМЕНЕНО: статичные плашки стали интерактивными полосами (тексты в JS) — Съёмка и обработка материала
rbd_v5	только_книга	567	Полный отчёт		ЗАМЕНЕНО: статичные плашки стали интерактивными полосами (тексты в JS) — Оборудование и ПО
rbd_v6	только_книга	569	Полный отчёт		ЗАМЕНЕНО: статичные плашки стали интерактивными полосами (тексты в JS) — Содержание рабочего места
rbd_v7	только_книга	571	Полный отчёт		ЗАМЕНЕНО: статичные плашки стали интерактивными полосами (тексты в JS) — Обучение и опыт
rbd_v8	только_книга	573	Полный отчёт		ЗАМЕНЕНО: статичные плашки стали интерактивными полосами (тексты в JS) — Реклама и продвижение
rbd_v9	только_книга	575	Полный отчёт		ЗАМЕНЕНО: статичные плашки стали интерактивными полосами (тексты в JS) — Налоги и банк
rbd_w1	только_книга	560	Полный отчёт		ЗАМЕНЕНО: статичные плашки стали интерактивными полосами (тексты в JS) — контент, рилсы, тексты, реклама, ответы в директ, портфолио, работа с отзывами
rbd_w2	только_книга	562	Полный отчёт		ЗАМЕНЕНО: статичные плашки стали интерактивными полосами (тексты в JS) — чеки по каждому поступлению, декларации, взносы по срокам, сверки, книга учёта
rbd_w3	только_книга	564	Полный отчёт		ЗАМЕНЕНО: статичные плашки стали интерактивными полосами (тексты в JS) — ответы на заявки, согласование даты и референсов, договор, предоплата, напоминания
rbd_w4	только_книга	566	Полный отчёт		ЗАМЕНЕНО: статичные плашки стали интерактивными полосами (тексты в JS) — часы на площадке, отбор кадров, цвет, ретушь, экспорт, передача клиенту, правки
rbd_w5	только_книга	568	Полный отчёт		ЗАМЕНЕНО: статичные плашки стали интерактивными полосами (тексты в JS) — камера, оптика, свет, компьютер, плагины и подписки
rbd_w6	только_книга	570	Полный отчёт		ЗАМЕНЕНО: статичные плашки стали интерактивными полосами (тексты в JS) — аренда или доля квартиры, коммунальные, связь, мебель, ремонт
rbd_w7	только_книга	572	Полный отчёт		ЗАМЕНЕНО: статичные плашки стали интерактивными полосами (тексты в JS) — курсы и сайт, разложенные по годам, — вложения, которые уже сделаны
rbd_w8	только_книга	574	Полный отчёт		ЗАМЕНЕНО: статичные плашки стали интерактивными полосами (тексты в JS) — директ, таргет, размещения, домен и хостинг сайта
rbd_w9	только_книга	576	Полный отчёт		ЗАМЕНЕНО: статичные плашки стали интерактивными полосами (тексты в JS) — налог по вашему режиму, страховые взносы, эквайринг с каждого платежа
rcd_01	ok	477	Полный отчёт	web/report.html	Ваши условия труда по ТК РФ
rcd_02	ok	478	Полный отчёт	web/report.html	Работая на себя, вы сами являетесь для себя работодателем. Если не заложить отпуск, больничные и выходные в стоимость часа, вы фактически будете оплачивать их из собственного кармана — работая в дни отдыха или жертвуя своим здоровьем ради сохранения дохода.
rcd_03	ok	479	Полный отчёт	web/report.html	В расчёт заложены те же гарантии, что закон даёт наёмному работнику
rcd_s1	ok	528	Полный отчёт	web/report.html	Выходные и государственные праздники — вы не работаете
rcd_s2	ok	530	Полный отчёт	web/report.html	Плюс 10 дней больничного — без потери дохода
rcd_s3	ok	532	Полный отчёт	web/report.html	С перерывом на обед, а не «сколько получится»
rcd_t1	ok	527	Полный отчёт	web/report.html	График работы
rcd_t2	ok	529	Полный отчёт	web/report.html	Право на отдых
rcd_t3	ok	531	Полный отчёт	web/report.html	Рабочий день
rct_01	ok	424	Полный отчёт	web/report.html	Готовый контент для вашего блога
rct_02	ok	425	Полный отчёт	web/report.html	30 сценариев, которые снимают вопрос «а почему так дорого»
rct_03	ok	426	Полный отчёт	web/report.html	Рассказывайте о работе спокойно и без оправданий — ценность становится очевидной раньше, чем встанет вопрос о цене.
rct_04	только_книга	427	Полный отчёт		Рассказывайте о работе спокойно и без оправданий — ценность становится очевидной раньше, чем встанет вопрос о цене
rcw_h1	только_книга	544	Полный отчёт		УДАЛЕНО из HTML: блок «А можно ли работать больше?» убран — дублировал блок 04 — А можно ли работать больше?
rcw_h2	только_книга	545	Полный отчёт		УДАЛЕНО из HTML: блок «А можно ли работать больше?» убран — дублировал блок 04 — Конечно. Только сначала посмотрите, во что это обойдётся
rcw_note	только_книга	552	Полный отчёт		УДАЛЕНО из HTML: блок «А можно ли работать больше?» убран — дублировал блок 04 — Объём упирается в календарь: в сутках 24 часа, и это единственный ресурс, который нельзя купить. Цена такого графика — здоровье, отношения и запас прочности. Ставку поднять можно в любой момент, количество часов — нет.
rcw_s1	только_книга	547	Полный отчёт		УДАЛЕНО из HTML: блок «А можно ли работать больше?» убран — дублировал блок 04 — рабочих дней в году вместо 219, чтобы выйти на тот же доход по текущей ставке
rcw_s2	только_книга	549	Полный отчёт		УДАЛЕНО из HTML: блок «А можно ли работать больше?» убран — дублировал блок 04 — выходных за весь год вместо 146 — без отпуска и без права заболеть
rcw_s3	только_книга	551	Полный отчёт		УДАЛЕНО из HTML: блок «А можно ли работать больше?» убран — дублировал блок 04 — часов в день вместо восьми, если сохранить нынешний график
rcw_t1	только_книга	546	Полный отчёт		УДАЛЕНО из HTML: блок «А можно ли работать больше?» убран — дублировал блок 04 — Сколько придётся работать
rcw_t2	только_книга	548	Полный отчёт		УДАЛЕНО из HTML: блок «А можно ли работать больше?» убран — дублировал блок 04 — Что останется на отдых
rcw_t3	только_книга	550	Полный отчёт		УДАЛЕНО из HTML: блок «А можно ли работать больше?» убран — дублировал блок 04 — Длина рабочего дня
rdn_01	только_книга	480	Полный отчёт		Хотите удивлять клиентов крупными скидками
redo_01	только_книга	346	Форма · краткий результат		Изменить введённые данные
rfc_01	ok	649	Форма и отчёт · подвал, реквизиты	web/calc.html,web/index.html,web/report.html	ООО «Центр маркетинговых услуг Гет Маркетинг» © 2026
rfn_01	только_книга	499	Полный отчёт		Фотографы, вы офигели? Ваша работа стоит 10 тысяч
rfn_02	только_книга	500	Полный отчёт		Теперь у вас есть чем аргументировать свою цену. Не потому что вы так решили, а потому что вы посчитали свою юнит-экономику.
rfn_03	только_книга	501	Полный отчёт		Как часто вы слышите такое от заказчиков?
rfn_04	только_книга	502	НЕ ИСПОЛЬЗУЕТСЯ		УДАЛЕНО из HTML: убран кикер «Знакомо?» — хук переписан, надстрочная подводка стала лишней
rfn_05	только_книга	503	Полный отчёт		Клиент не плохой — он просто не видит всей картины. Оборудование, обработка, административное время и рабочие паузы для него не существуют, пока вы о них не рассказали.
rgn_02	ok	481	Полный отчёт	web/report.html	Просто математика
rgn_10	только_HTML			web/report.html	
rgn_11	только_HTML			web/report.html	
rgn_12	только_HTML			web/report.html	
rgn_13	только_HTML			web/report.html	
rgn_14	только_HTML			web/report.html	
rh2_01	ok	357	Полный отчёт	web/report.html	Как распределяется бюджет
rh2_02	ok	359	Полный отчёт	web/report.html	Три сценария вашей работы
rh2_03	только_книга	361	НЕ ИСПОЛЬЗУЕТСЯ		УДАЛЕНО из HTML (не используется в текущей вёрстке): За какие роли вы это заработали
rh2_04	только_книга	368	НЕ ИСПОЛЬЗУЕТСЯ		УДАЛЕНО из HTML (не используется в текущей вёрстке): Куда уходят ваши деньги
rh2_05	только_книга	370	НЕ ИСПОЛЬЗУЕТСЯ		УДАЛЕНО из HTML (не используется в текущей вёрстке): Сравнение с текущей ставкой
rh2_06	только_книга	376	НЕ ИСПОЛЬЗУЕТСЯ		УДАЛЕНО из HTML (не используется в текущей вёрстке): Готовый прайс
rh2_07	только_книга	382	НЕ ИСПОЛЬЗУЕТСЯ		УДАЛЕНО из HTML (не используется в текущей вёрстке): —
rh2_08	только_книга	384	НЕ ИСПОЛЬЗУЕТСЯ		УДАЛЕНО из HTML (не используется в текущей вёрстке): Минимум, ниже которого нельзя
rh2_09	ok	391	Полный отчёт	web/report.html	Как распределяется ваше время
rh2_10	только_книга	393	Полный отчёт		Сколько людей делают это в компании
rh2_11	ok	402	Полный отчёт	web/report.html	А если просто брать больше заказов?
rh2_12	ok	406	Полный отчёт	web/report.html	Ваш идеальный налоговый режим
rh2_13	ok	413	Полный отчёт	web/report.html	Объясняйте клиенту, из чего складывается стоимость
rh2_14	только_книга	422	НЕ ИСПОЛЬЗУЕТСЯ		УДАЛЕНО из HTML (не используется в текущей вёрстке): Обычная неделя по часам
rh2_15	только_книга	448	НЕ ИСПОЛЬЗУЕТСЯ		УДАЛЕНО из HTML (не используется в текущей вёрстке): Что на самом деле входит в вашу работу
rh2_16	только_книга	450	НЕ ИСПОЛЬЗУЕТСЯ		УДАЛЕНО из HTML (не используется в текущей вёрстке): Самая недооценённая строка — работа с отснятым материалом. «Прогнал через пресет» — это не обработка. Пока компьютер экспортирует, вы не свободны: вы за ним следите, перезапускаете, проверяете. Это ваше время, и оно должно быть в цене.
rh2_17	только_книга	455	Полный отчёт		Как считают обычно
rh2_18	ok	468	Полный отчёт	web/report.html	Как формировать скидку, чтобы не уйти в минус
rh2_19	только_книга	470	НЕ ИСПОЛЬЗУЕТСЯ		УДАЛЕНО из HTML (не используется в текущей вёрстке): А это — скидка без причины
rh2_20	ok	490	Полный отчёт	web/report.html	Четыре цифры, которые стоит запомнить
rh2_21	ok	492	Полный отчёт	web/report.html	Скидка
rh_01	ok	350	Форма и отчёт · шапка	web/calc.html,web/report.html	Юнит-экономика фотографа
rh_02	ok	351	Форма и отчёт · шапка	web/calc.html,web/report.html	Создано фотографами для фотографов на основе реального опыта.
rh_03	ok	585	Форма и отчёт · шапка	web/report.html	Быть независимым автором не значит работать больше, чем в найме, и постоянно уходить в минус.
rhi_01	ok	358	Полный отчёт	web/report.html	Наглядная структура расходов, отчислений и вашей чистой прибыли на основе введённых данных
rhi_02	ok	360	Полный отчёт	web/report.html	Одна и та же загрузка при разной ставке часа. Разница только в цене — и в том, что остаётся вам
rhi_03	только_книга	362	НЕ ИСПОЛЬЗУЕТСЯ		УДАЛЕНО из HTML (не используется в текущей вёрстке): Внутри вашего дела живёт пять профессий. Вот сколько зарабатывает каждая
rhi_04	только_книга	369	НЕ ИСПОЛЬЗУЕТСЯ		УДАЛЕНО из HTML (не используется в текущей вёрстке): Один час съёмки в разрезе: сколько получаете вы и сколько уходит на всё остальное
rhi_05	только_книга	371	НЕ ИСПОЛЬЗУЕТСЯ		УДАЛЕНО из HTML (не используется в текущей вёрстке): Сколько вы получаете сейчас и сколько могли бы
rhi_06	только_книга	377	НЕ ИСПОЛЬЗУЕТСЯ		УДАЛЕНО из HTML (не используется в текущей вёрстке): Скопируйте и отправьте клиенту. Чем длиннее съёмка, тем дешевле час — за счёт накладных, а не вашего дохода
rhi_07	только_книга	383	НЕ ИСПОЛЬЗУЕТСЯ		УДАЛЕНО из HTML (не используется в текущей вёрстке): —
rhi_08	только_книга	385	НЕ ИСПОЛЬЗУЕТСЯ		УДАЛЕНО из HTML (не используется в текущей вёрстке): Точка безубыточности — здесь вы не зарабатываете, но и не доплачиваете
rhi_09	ok	392	Полный отчёт	web/report.html	Реальная структура рабочей недели: чтобы провести несколько часов на площадке, вы работаете полную пятидневку
rhi_10	только_книга	394	Полный отчёт		В студии фотограф только снимает и обрабатывает. Всё остальное делают другие сотрудники — а у вас это тоже ваша работа
rhi_11	ok	403	Полный отчёт	web/report.html	Проверим: можно ли выйти на желаемый доход, не поднимая цену для заказчика, — только за счёт объёма работ
rhi_12	ok	407	Полный отчёт	web/report.html	Посчитали все семь режимов на ваших цифрах и подобрали тот, где вы отдадите меньше всего
rhi_13	только_книга	414	НЕ ИСПОЛЬЗУЕТСЯ		УДАЛЕНО из HTML: подзаголовок про «клиент не видит всей картины» перенесён в блок-заключение (rfn_05)
rhi_14	только_книга	423	НЕ ИСПОЛЬЗУЕТСЯ		УДАЛЕНО из HTML (не используется в текущей вёрстке): Пять дней по восемь часов. Каждый квадрат — один час работы
rhi_15	только_книга	449	НЕ ИСПОЛЬЗУЕТСЯ		УДАЛЕНО из HTML (не используется в текущей вёрстке): Разверните каждую строку из расчёта. Это те задачи, которые вы делаете, но обычно не считаете
rhi_17	только_книга	456	Полный отчёт		Ставку умножают на часы съёмки — и получают цифру, которой на самом деле не будет
rhi_18	только_книга	469	Полный отчёт		Даём скидку только за объём
rhi_19	только_книга	471	НЕ ИСПОЛЬЗУЕТСЯ		УДАЛЕНО из HTML (не используется в текущей вёрстке): Если уступить, не увеличивая объём, разницу вы платите из своего кармана: расходы и налоги не сокращаются вместе с ценой
rhi_20	ok	491	Полный отчёт	web/report.html	Они выведены из вашего расчёта и пригодятся в любом разговоре о деньгах
rin_01	только_книга	457	НЕ ИСПОЛЬЗУЕТСЯ		УДАЛЕНО из HTML (не используется в текущей вёрстке): Как считают обычно и как надо
rin_02	только_книга	458	Полный отчёт		Кажется, что получится
rin_03	только_книга	459	Полный отчёт		Останется на самом деле
rin_04	только_книга	460	НЕ ИСПОЛЬЗУЕТСЯ		УДАЛЕНО из HTML (не используется в текущей вёрстке): Сколько стоит скидка
rin_05	только_книга	461	НЕ ИСПОЛЬЗУЕТСЯ		УДАЛЕНО из HTML (не используется в текущей вёрстке): Расходы, налоги и комиссия не уменьшаются вместе с ценой — скидку вы платите целиком из своего дохода.
rin_06	только_книга	464	Полный отчёт		в месяц
rin_07	только_книга	465	Полный отчёт		Ставка × часы съёмки. В этой цифре нет ни техники, ни рекламы, ни налогов, ни часов обработки
rin_08	только_книга	466	Полный отчёт		в месяц
rin_09	только_книга	467	Полный отчёт		После расходов на технику и рекламу, налогов и комиссии банка — при той же ставке и загрузке
rk_01	ok	354	Полный отчёт	web/report.html	Всего расходов
rk_02	ok	355	Полный отчёт	web/report.html	Общая выручка
rk_03	ok	356	Полный отчёт	web/report.html	Ваш доход на руки
rk_04	только_HTML			web/report.html	
rk_05	только_HTML			web/report.html	
rk_06	только_HTML			web/report.html	
rlb_01	ok	352	Полный отчёт	web/report.html	Ваша ставка за час съёмки
rlb_02	ok	353	НЕ ИСПОЛЬЗУЕТСЯ	web/report.html	УДАЛЕНО из HTML: подпись «за час съёмки» — единица теперь в самой цифре (₽/ч), под ней в скобках точное значение
rlb_03	только_книга	518	Полный отчёт		Фактическая стоимость вашего часа работы — {747 ₽/ч}
rlg_01	ok	594	Полный отчёт, блок «Логистика»	web/report.html	Логистика в расчёт не входит
rlg_02	ok	595	Полный отчёт, блок «Логистика»	web/report.html	Дорога, бензин, такси и парковка по закону ложатся на исполнителя. Определите зону, куда выезжаете по базовой цене, например в пределах города. За её границы добавляйте к смете стоимость дороги в обе стороны и время в пути. Час за рулём — это тоже рабочий час.
rlg_03	только_книга	596	Полный отчёт, блок «Логистика»		Съёмка на другом конце города или выезд за город съедают часы и деньги, которых нет ни в одном расчёте. Либо считайте логистику отдельной строкой в счёте, либо закладывайте её в цену конкретного заказа — иначе она вычитается прямо из вашего дохода.
rmb_01	ok	386	Полный отчёт	web/report.html	Точка безубыточности / Съёмка в ноль
rmb_02	только_книга	387	Полный отчёт		Ставка часа
rmb_03	только_книга	388	Полный отчёт		Цена съёмки
rmb_04	ok	389	Полный отчёт	web/report.html	Главная ловушка в том, что эти расходы капают каждый месяц независимо от того, есть у вас заказы или нет. Из-за этого математика работает безжалостно: чем меньше съёмок удаётся найти, тем выше поднимается эта точка безубыточности, потому что вся аренда и подписки раскидываются на жалкие пару заказов.
rmb_05	ok	624	Полный отчёт, блок 05	web/report.html	Это та самая черта, за которой начинается работа в минус. Если стоимость будет ниже этой границы, вы не просто остаётесь без прибыли — вы буквально сами доплачиваете своим клиентам за то, что выполняете для них работу.
rmb_06	ok	625	Полный отчёт, блок 05	web/report.html	Сюда входят все обязательные расходы, которые вам придётся оплачивать в любом случае: аренда, подписки на софт, амортизация камер и света, реклама, налоги, страховые взносы и банковские комиссии. Полный список — в блоке «Все цифры расчёта в одной таблице», раздел «Расходы за год».
rmb_07	ok	626	Полный отчёт, блок 05	web/report.html	Чего здесь нет — вас! Ни секунды вашего времени. Вся съёмка, многочасовая обработка, бесконечные переписки с клиентами остаются полностью бесплатными, а проезд до съёмочной площадки вы оплачиваете из своего кармана.
rmb_08	только_книга	635	Полный отчёт, блок 05 — схема безубыточности		Пришло от клиентов
rmb_09	только_книга	636	Полный отчёт, блок 05 — схема безубыточности		Все оплаты за съёмки за год
rmb_10	только_книга	637	Полный отчёт, блок 05 — схема безубыточности		Ушло на работу
rmb_11	только_книга	638	Полный отчёт, блок 05 — схема безубыточности		Аренда, подписки, реклама
rmb_12	только_книга	639	Полный отчёт, блок 05 — схема безубыточности		Амортизация техники
rmb_13	только_книга	640	Полный отчёт, блок 05 — схема безубыточности		Налоги, взносы, комиссия банка
rmb_14	только_книга	641	Полный отчёт, блок 05 — схема безубыточности		Себе — ноль. Год отработан, а денег на жизнь не осталось
rnm_01	только_книга	395	НЕ ИСПОЛЬЗУЕТСЯ		УДАЛЕНО из HTML (не используется в текущей вёрстке): Работа фотографа
rnm_02	только_книга	396	НЕ ИСПОЛЬЗУЕТСЯ		УДАЛЕНО из HTML (не используется в текущей вёрстке): то, за что вас наняли бы в студию
rnm_03	только_книга	397	НЕ ИСПОЛЬЗУЕТСЯ		УДАЛЕНО из HTML (не используется в текущей вёрстке): часа в день — съёмка и обработка
rnm_04	только_книга	398	НЕ ИСПОЛЬЗУЕТСЯ		УДАЛЕНО из HTML (не используется в текущей вёрстке): Работа работодателя
rnm_05	только_книга	399	НЕ ИСПОЛЬЗУЕТСЯ		УДАЛЕНО из HTML (не используется в текущей вёрстке): это вы тоже делаете сами, бесплатно
rnm_06	только_книга	400	НЕ ИСПОЛЬЗУЕТСЯ		УДАЛЕНО из HTML (не используется в текущей вёрстке): часа в день — продажи, реклама, учёт
rnm_07	только_книга	401	Полный отчёт		Каждая из этих ролей в штате — отдельный человек с окладом. Работая на себя, вы закрываете их все, но оплачивается только съёмка. Поэтому ставка часа должна покрывать не один час с камерой, а весь рабочий день.
rogr_npd5	только_книга	615	Полный отчёт, блок 04		В Налоговом кодексе РФ для НПД предусмотрены только две ставки — 4% при работе с физическими лицами и 6% с юридическими лицами и ИП. Расчётные 5% — это усреднённое значение для примера. Если вы работаете только с физлицами или наоборот только с компаниями, ориентируйтесь на фактические строки 4% и 6% в таблице ниже.
rph_01	только_книга	587	Полный отчёт · опрос		УДАЛЕНО из HTML: опрос в отчёт не переносим, он остаётся в форме — Расскажите, что вам нужно ещё
rph_02	только_книга	588	Полный отчёт · опрос		УДАЛЕНО из HTML: опрос в отчёт не переносим, он остаётся в форме — Мы только начинаем и хотим делать то, что действительно пригодится. Отметьте сердечком, какое направление доработать в первую очередь — ваш совет решает.
rpm_01	только_книга	415	НЕ ИСПОЛЬЗУЕТСЯ		УДАЛЕНО из HTML (не используется в текущей вёрстке): Диагноз из вашего же расчёта
rpm_02	только_книга	416	НЕ ИСПОЛЬЗУЕТСЯ		УДАЛЕНО из HTML (не используется в текущей вёрстке): Начать сегодня
rpm_03	только_книга	417	НЕ ИСПОЛЬЗУЕТСЯ		УДАЛЕНО из HTML (не используется в текущей вёрстке): Регулярно
rpm_04	только_книга	418	НЕ ИСПОЛЬЗУЕТСЯ		УДАЛЕНО из HTML (не используется в текущей вёрстке): Когда пойдёт поток
rpm_05	только_книга	419	НЕ ИСПОЛЬЗУЕТСЯ		УДАЛЕНО из HTML (не используется в текущей вёрстке): Почему про цену нужно говорить вслух
rpm_06	только_книга	420	Полный отчёт		В эксперименте психолога Эллен Лангер людей пропускали без очереди к копиру втрое чаще, если они добавляли «потому что» и называли причину — даже пустяковую. Само наличие объяснения снимает сопротивление. С ценой так же: «стоит 19 000» вызывает торг, «стоит 19 000, потому что…» вызывает понимание.
rpm_07	только_книга	421	НЕ ИСПОЛЬЗУЕТСЯ		УДАЛЕНО из HTML (не используется в текущей вёрстке): Пять тем, которые можно снять из этого отчёта
rpm_08	только_книга	428	НЕ ИСПОЛЬЗУЕТСЯ		УДАЛЕНО из HTML (не используется в текущей вёрстке): Времени на продвижение
rpm_09	только_книга	429	НЕ ИСПОЛЬЗУЕТСЯ		УДАЛЕНО из HTML (не используется в текущей вёрстке): часа в день вы заложили в расчёт
rpm_10	только_книга	430	НЕ ИСПОЛЬЗУЕТСЯ		УДАЛЕНО из HTML (не используется в текущей вёрстке): Минимум для системной работы
rpm_11	только_книга	431	НЕ ИСПОЛЬЗУЕТСЯ		УДАЛЕНО из HTML (не используется в текущей вёрстке): Денег на рекламу
rpm_12	только_книга	432	НЕ ИСПОЛЬЗУЕТСЯ		УДАЛЕНО из HTML (не используется в текущей вёрстке): процентов выручки уходит на платные каналы
rpm_13	только_книга	433	НЕ ИСПОЛЬЗУЕТСЯ		УДАЛЕНО из HTML (не используется в текущей вёрстке): Ориентир для сферы услуг
rpm_14	только_книга	434	Полный отчёт		Специалисты часто проигрывают бизнесу, поскольку просто не считают свою юнит-экономику
rpm_15	только_книга	435	Полный отчёт		Смотрите: селлеры на маркетплейсах считают каждую копейку вслух — в прямых эфирах, в своих соцсетях. Разбирают закупку, логистику, комиссии, налоги, и аудитория привыкла, что за ценой стоит расчёт. А фотографы молчат. В итоге клиент искренне уверен, что платит за «пару часов и фоточки», а не за производство. Вы тоже бизнес — пусть микро, но по документам бизнес: с оборудованием, налогами, отчётностью и расходами. Значит, и подход должен быть как у бизнеса. Разница между бизнесом и специалистом не в обороте, а в том, что бизнес умеет объяснить свою цену.
rpm_16	ok	603	Полный отчёт, блок 08	web/report.html	Когда за ценой виден расчёт, торг сменяется пониманием. Это не мнение — это измеренный эффект
rpm_17	ok	609	Полный отчёт, блок 08	web/report.html	Больше клиентов
rpm_18	ok	604	Полный отчёт, блок 08	web/report.html	+21% чаще покупают, когда видят, из чего складывается цена
rpm_19	только_книга	439	Полный отчёт		Столько занимает один заказ целиком: подготовка, съёмка, отбор, обработка, передача
rpm_19b	ok	614	Полный отчёт, блок 08	web/report.html	Меньше торга
rpm_20	ok	605	Полный отчёт, блок 08	web/report.html	+34% чаще соглашаются, когда названа причина цены
rpm_20b	только_книга	612	Полный отчёт, блок 08		Покупают
rpm_21	только_книга	441	Полный отчёт		Из 500 кадров клиент получит 50. Остальное — отбор, цвет, ретушь, которые он не увидит
rpm_22	ok	606	Полный отчёт, блок 08	web/report.html	87% покупателей готовы платить больше тем, кому доверяют
rpm_22b	ok	613	Полный отчёт, блок 08	web/report.html	Выше ценник
rpm_23	только_книга	443	Полный отчёт		Остальное из цены часа уходит на технику, рекламу, налоги и комиссии банка
rpm_24	ok	607	Полный отчёт, блок 08	web/report.html	Источники: Гарвардская школа бизнеса и Университет Сан-Франциско, шесть экспериментов с раскрытием себестоимости, Marketing Science, 2020 · эксперимент Эллен Лангер, Гарвард, 1978 · исследование доверия к брендам Salsify
rpm_25	ok	608	Полный отчёт, блок 08	web/report.html	Вы посчитали свою юнит-экономику! Теперь у вас есть железобетонные цифры, которых нет у большинства коллег, — и полный карт-бланш говорить о стоимости без оправданий.
rpm_26	только_книга	446	НЕ ИСПОЛЬЗУЕТСЯ		УДАЛЕНО из HTML (не используется в текущей вёрстке): Как это говорить
rpm_27	только_книга	447	НЕ ИСПОЛЬЗУЕТСЯ		УДАЛЕНО из HTML (не используется в текущей вёрстке): Каналы по усилию: начните с левой колонки, она даёт заявки быстрее всего
rpm_28	только_книга	482	НЕ ИСПОЛЬЗУЕТСЯ		УДАЛЕНО из HTML (не используется в текущей вёрстке): Не оправдывайтесь — объясняйте
rpm_29	только_книга	483	Полный отчёт		«Стоит столько, потому что
rpm_30	только_книга	484	НЕ ИСПОЛЬЗУЕТСЯ		УДАЛЕНО из HTML (не используется в текущей вёрстке): Показывайте процесс, а не результат
rpm_31	только_книга	485	НЕ ИСПОЛЬЗУЕТСЯ		УДАЛЕНО из HTML (не используется в текущей вёрстке): Снимите, как отбираете кадры из пятисот, как правите цвет. Клиент впервые увидит работу, за которую платит
rpm_32	только_книга	486	НЕ ИСПОЛЬЗУЕТСЯ		УДАЛЕНО из HTML (не используется в текущей вёрстке): Называйте цифры
rpm_33	только_книга	487	НЕ ИСПОЛЬЗУЕТСЯ		УДАЛЕНО из HTML (не используется в текущей вёрстке): Абстрактное «это долго» не работает. Работает «на одну съёмку уходит столько-то часов» — конкретика вызывает доверие
rpm_34	только_книга	488	НЕ ИСПОЛЬЗУЕТСЯ		УДАЛЕНО из HTML (не используется в текущей вёрстке): Говорите регулярно, а не в ответ на торг
rpm_35	только_книга	489	НЕ ИСПОЛЬЗУЕТСЯ		УДАЛЕНО из HTML (не используется в текущей вёрстке): Если объяснять цену только когда просят скидку, это звучит как отговорка. Если рассказывать постоянно — как экспертиза
rpn_01	только_книга	472	Полный отчёт		Что входит в каждую строку расчёта
rpn_02	только_книга	473	Полный отчёт		Эти же пояснения есть в форме под каждым вопросом — разверните «что сюда входит», если захотите пересчитать точнее.
rrc_00	только_книга	504	Полный отчёт		Рекомендуем
rrc_01	только_книга	505	Полный отчёт		Два запаса, которые стоит заложить в цену
rrc_02	только_книга	506	Полный отчёт		В основной расчёт они не входят — там только то, без чего работа не состоится. Здесь считаем, во что обойдётся запас прочности
rrc_03	только_книга	507	Полный отчёт		Запас 1
rrc_04	только_книга	508	Полный отчёт		Фонд развития
rrc_05	только_книга	509	Полный отчёт		Амортизация в расчёте покрывает только замену того, что уже есть: камера вышла из строя — купили такую же. На новое стекло, второй корпус или курс денег в этой схеме нет. Фонд развития — это процент выручки, который вы откладываете заранее, чтобы расти без кредита.
rrc_06	только_книга	510	Полный отчёт		Малый бизнес реинвестирует 20–30% чистой прибыли. Для соло-специалиста это неприменимо: прибыль здесь и есть ваша зарплата. Поэтому считаем от выручки — как рекламу.
rrc_07	только_книга	511	Полный отчёт		Сколько откладывать, % от выручки
rrc_08	только_книга	512	Полный отчёт		Запас 2
rrc_09	только_книга	513	Полный отчёт		Запас на скидку
rrc_10	только_книга	514	Полный отчёт		Скидка за объём выше уже посчитана — она берётся из накладных и ваш доход не трогает. Но если вы хотите иметь право дать скидку просто так, её нужно заложить в цену заранее. Внимание: чтобы после скидки 10% остаться при своих, поднять цену надо на 11,1%, а не на 10%.
rrc_11	только_книга	515	Полный отчёт		Формула: новая цена = базовая ÷ (1 − скидка). Делить, а не умножать — в этом вся разница.
rrc_12	только_книга	516	Полный отчёт		Максимальная скидка, которую хотите давать
rrf_01	ok	598	Полный отчёт, справочник	web/report.html	Справочник: что означает каждое понятие
rrf_02	ok	599	Полный отчёт, справочник	web/report.html	Эти же пояснения есть в форме под каждым вопросом — разверните «что сюда входит», если захотите пересчитать точнее.
rs_01	только_книга	372	НЕ ИСПОЛЬЗУЕТСЯ		УДАЛЕНО из HTML (не используется в текущей вёрстке): Хотите получать
rs_02	только_книга	373	НЕ ИСПОЛЬЗУЕТСЯ		УДАЛЕНО из HTML (не используется в текущей вёрстке): на руки каждый месяц, после всех расходов и налогов
rs_03	только_книга	374	НЕ ИСПОЛЬЗУЕТСЯ		УДАЛЕНО из HTML (не используется в текущей вёрстке): Получаете сейчас
rs_04	только_книга	375	НЕ ИСПОЛЬЗУЕТСЯ		УДАЛЕНО из HTML (не используется в текущей вёрстке): при вашей текущей ставке и той же загрузке
rsc_01	ok	497	Полный отчёт, блок 06 — синее уведомление	web/report.html	Всё ещё хотите просто работать больше? Задайтесь вопросом — зачем.
rsc_02	ok	498	Полный отчёт, блок 06 — синее уведомление	web/report.html	Объёмом этот разрыв уже не закрыть. Единственный рычаг, который меняет реальность, — это честная цена часа вашей работы.
rsc_h1	только_книга	519	Полный отчёт		УДАЛЕНО из HTML: блок «Как мы считаем» убран, плашки объединены с условиями труда — Как мы считаем
rsc_lg1	только_книга	633	Полный отчёт, блок 05		Ваш доход на руки
rsc_lg2	только_книга	634	Полный отчёт, блок 05		Расходы в совокупности
rsc_n1	только_книга	627	Полный отчёт, блок 05		реальный
rsc_n2	только_книга	629	Полный отчёт, блок 05		идеальный
rsc_n3	только_книга	631	Полный отчёт, блок 05		в ноль
rsc_out1	только_книга	642	Полный отчёт, блок 06 — под плашками		Математика неумолима — вам придётся работать на пределе человеческих возможностей: без отпусков, почти без выходных, игнорируя болезни и собственные потребности.
rsc_out2	только_книга	643	Полный отчёт, блок 06 — под плашками, мягкий вариант		График плотный, но выполнимый. Решать вам: брать больше заказов или поднять цену.
rsc_p1	только_книга	520	Полный отчёт		УДАЛЕНО из HTML: блок «Как мы считаем» убран, плашки объединены с условиями труда — Мы опираемся на производственный календарь и нормы Трудового кодекса — те же условия, на которые имеет право любой наёмный сотрудник.
rsc_t1	только_книга	628	Полный отчёт, блок 05		Ваш текущий доход
rsc_t2	только_книга	630	Полный отчёт, блок 05		Необходимый доход
rsc_t3	только_книга	632	Полный отчёт, блок 05		Дохода нет
rsm_01	только_книга	522	Полный отчёт		УДАЛЕНО из HTML: блок «Как мы считаем» убран, плашки объединены с условиями труда — официальные условия труда, признанные государством нормой
rsm_02	только_книга	524	Полный отчёт		УДАЛЕНО из HTML: блок «Как мы считаем» убран, плашки объединены с условиями труда — и один больничный — болеть никто не планирует, но мы заложили
rsm_03	только_книга	526	Полный отчёт		УДАЛЕНО из HTML: блок «Как мы считаем» убран, плашки объединены с условиями труда — восемь часов в день, как у всех
rsv_01	ok	462	Полный отчёт	web/report.html	Сохранить отчёт в PDF
rsv_02	только_книга	463	Полный отчёт		В шапке ставка округлена до 500 ₽ — так её проще держать в голове и называть. Все расчёты в отчёте идут по точному значению, без округлений
rt_01	только_HTML			web/report.html	
rt_02	только_HTML			web/report.html	
rt_03	только_HTML			web/report.html	
rt_04	только_HTML			web/report.html	
rtb_01	ok	600	Полный отчёт, таблица	web/report.html	Все цифры расчёта в одной таблице
rtb_02	ok	601	Полный отчёт, таблица	web/report.html	Полная выгрузка: время, проект, доход, расходы, налоги и ставки
rth_01	только_книга	363	НЕ ИСПОЛЬЗУЕТСЯ		УДАЛЕНО из HTML (не используется в текущей вёрстке): Роль
rth_02	только_книга	364	НЕ ИСПОЛЬЗУЕТСЯ		УДАЛЕНО из HTML (не используется в текущей вёрстке): ₽ в месяц
rth_03	только_книга	365	НЕ ИСПОЛЬЗУЕТСЯ		УДАЛЕНО из HTML (не используется в текущей вёрстке): ₽ за съёмку
rth_04	только_книга	366	НЕ ИСПОЛЬЗУЕТСЯ		УДАЛЕНО из HTML (не используется в текущей вёрстке): Часов в день
rth_05	только_книга	367	НЕ ИСПОЛЬЗУЕТСЯ		УДАЛЕНО из HTML (не используется в текущей вёрстке): ₽ с часа съёмки
rth_06	только_книга	378	НЕ ИСПОЛЬЗУЕТСЯ		УДАЛЕНО из HTML (не используется в текущей вёрстке): Длительность съёмки
rth_07	только_книга	379	НЕ ИСПОЛЬЗУЕТСЯ		УДАЛЕНО из HTML (не используется в текущей вёрстке): Цена съёмки
rth_08	только_книга	380	НЕ ИСПОЛЬЗУЕТСЯ		УДАЛЕНО из HTML (не используется в текущей вёрстке): Цена часа
rth_09	только_книга	381	НЕ ИСПОЛЬЗУЕТСЯ		УДАЛЕНО из HTML (не используется в текущей вёрстке): Скидка от базовой
rth_10	ok	408	Полный отчёт	web/report.html	Режим
rth_11	только_книга	409	НЕ ИСПОЛЬЗУЕТСЯ		УДАЛЕНО из HTML: колонка «Выручка в год» — раньше под каждый режим подбиралась своя выручка, теперь все режимы считаются на одной реальной выручке пользователя
rth_12	только_книга	410	Полный отчёт		Налоги и взносы
rth_13	ok	411	Полный отчёт	web/report.html	Нагрузка
rth_14	только_книга	412	НЕ ИСПОЛЬЗУЕТСЯ		УДАЛЕНО из HTML: колонка «Ставка часа» — была производной от подобранной выручки, стала бессмысленной
rth_14b	ok	616	Полный отчёт, блок 04	web/report.html	Всего за год
rth_15	только_книга	451	Полный отчёт		Остаётся на руки
rth_16	только_книга	452	Полный отчёт		В месяц
rth_17	только_книга	453	НЕ ИСПОЛЬЗУЕТСЯ		УДАЛЕНО из HTML (не используется в текущей вёрстке): ₽ за съёмку
rth_18	только_книга	454	НЕ ИСПОЛЬЗУЕТСЯ		УДАЛЕНО из HTML (не используется в текущей вёрстке): ₽ в месяц
rth_ac	ok	621	Полный отчёт, блок 04	web/report.html	Бухгалтерия / год
rth_dp	ok	620	Полный отчёт, блок 04	web/report.html	Взносы +1% / год
rth_fx	ok	619	Полный отчёт, блок 04	web/report.html	Взносы фикс. / год
rth_hd	ok	622	Полный отчёт, блок 04	web/report.html	Сравнение режимов налогообложения на ваших цифрах
rth_hs	ok	623	Полный отчёт, блок 04	web/report.html	Посмотрите, какой вариант действительно приносит максимальную чистую прибыль и на каких условиях вам будет комфортнее работать.
rth_lm	только_HTML			web/report.html	
rth_r1	только_HTML			web/report.html	
rth_r2	только_HTML			web/report.html	
rth_r3	только_HTML			web/report.html	
rth_r4	только_HTML			web/report.html	
rth_r5	только_HTML			web/report.html	
rth_st	ok	617	Полный отчёт, блок 04	web/report.html	Ставка
rth_tx	ok	618	Полный отчёт, блок 04	web/report.html	Налог / год
rthx_01	только_HTML			web/report.html	
rthx_02	только_HTML			web/report.html	
rthx_03	только_HTML			web/report.html	
rthx_04	ok	648	Отчёт · баннер «Поблагодарить проект», описание	web/report.html	Так мы будем знать, что сервис вам нужен, и сможем развивать его и сохранять бесплатным для всех специалистов креативной индустрии.
rthx_05	ok	647	Отчёт · пояснение под кнопкой «Поблагодарить проект»	web/report.html	Так мы будем знать, что сервис вам нужен, и сможем развивать его и сохранять бесплатным для всех специалистов креативной индустрии.
rtp_01	только_книга	521	Полный отчёт		УДАЛЕНО из HTML: блок «Как мы считаем» убран, плашки объединены с условиями труда — Мы считаем по норме
rtp_02	только_книга	523	Полный отчёт		УДАЛЕНО из HTML: блок «Как мы считаем» убран, плашки объединены с условиями труда — Право на отдых
rtp_03	только_книга	525	Полный отчёт		УДАЛЕНО из HTML: блок «Как мы считаем» убран, плашки объединены с условиями труда — Рабочая неделя
rtr_f1	только_книга	543	Полный отчёт		УДАЛЕНО из HTML: блок «Почему этому расчёту можно верить» убран — Каждая цифра в отчёте раскладывается на составные части — вы можете проверить любую и объяснить её клиенту.
rtr_h1	только_книга	533	Полный отчёт		УДАЛЕНО из HTML: блок «Почему этому расчёту можно верить» убран — Почему этому расчёту можно верить
rtr_h2	только_книга	534	Полный отчёт		УДАЛЕНО из HTML: блок «Почему этому расчёту можно верить» убран — Мы не сравнивали вас с рынком и не спрашивали, сколько берут коллеги. Всё посчитано из ваших ответов
rtr_s1	только_книга	536	Полный отчёт		УДАЛЕНО из HTML: блок «Почему этому расчёту можно верить» убран — Вы назвали сумму, которую хотите получать на руки. Дальше расчёт идёт назад: прибавили расходы, налоги и комиссию банка — и вышли на выручку, при которой эта сумма действительно останется у вас.
rtr_s2	только_книга	538	Полный отчёт		УДАЛЕНО из HTML: блок «Почему этому расчёту можно верить» убран — В году 1 752 рабочих часа, а клиент оплачивает 229 — это 13%. Обработка, переписка, продвижение и учёт заложены в цену часа, потому что иначе их не оплатит никто.
rtr_s3	только_книга	540	Полный отчёт		УДАЛЕНО из HTML: блок «Почему этому расчёту можно верить» убран — Отпуск, больничный, выходные и восьмичасовой день — по Трудовому кодексу. В найме за них платит работодатель, у вас их стоимость должна быть в ставке.
rtr_s4	только_книга	542	Полный отчёт		УДАЛЕНО из HTML: блок «Почему этому расчёту можно верить» убран — Ставки и лимиты 2026 года, взносы ИП, вычет взносов из налога. Каждый режим посчитан на вашей реальной выручке — разница между лучшим и худшим бывает в сотни тысяч за год.
rtr_t1	только_книга	535	Полный отчёт		УДАЛЕНО из HTML: блок «Почему этому расчёту можно верить» убран — Считали от вашего дохода, а не от чужих цен
rtr_t2	только_книга	537	Полный отчёт		УДАЛЕНО из HTML: блок «Почему этому расчёту можно верить» убран — Учли всё время, а не только съёмку
rtr_t3	только_книга	539	Полный отчёт		УДАЛЕНО из HTML: блок «Почему этому расчёту можно верить» убран — Взяли нормы закона, а не «сколько получится»
rtr_t4	только_книга	541	Полный отчёт		УДАЛЕНО из HTML: блок «Почему этому расчёту можно верить» убран — Проверили все семь налоговых режимов
rzp_01	только_книга	644	Полный отчёт, блок 03 — запас есть		Скидку можно дать и просто так — если заложили запас
rzp_02	только_книга	645	Полный отчёт, блок 03 — запас есть		В анкете вы заложили в цену {P}% запаса. Это ещё до {R} с часа, которые можно уступить по своему решению, и ваш доход не пострадает. Ниже {M}/ч скидка начнёт съедать ваш заработок. Обе скидки складываются: за объём и из запаса.
rzp_03	только_книга	646	Полный отчёт, блок 03 — запаса нет		Запас на скидку не заложен. Если хотите иметь возможность сформировать программу лояльности и давать скидки своим клиентам не только за объём — вернитесь в анкету и включите «Запас на скидку».
s2_01	только_книга	337	Форма · подписка на email		Хотите получать рассылку?
s2_02	только_книга	338	Форма · подписка на email		Напишем, когда выйдет то, что вы отметили. Без спама, отписка в один клик.
s2_btn	только_книга	339	Форма · подписка на email		Подписаться
s2_ok	только_книга	340	Форма · подписка на email		Готово! Спасибо, что остаётесь с нами.
sd_01	только_книга	271	Форма · блок оплаты (paywall)		Три вещи, которые меняют разговор о цене: понятный план на месяц, обоснованные скидки и граница, ниже которой нельзя.
sh_01	ok	100	Форма · вопросы анкеты	web/calc.html	Подписки
sh_02	ok	110	Форма · вопросы анкеты	web/calc.html	Разовые покупки
sh_03	ok	158	Форма · вопросы анкеты	web/calc.html	Обустройство рабочего места
sh_04	ok	218	Форма · вопросы анкеты	web/calc.html	Регулярные платежи
sh_05	ok	228	Форма · вопросы анкеты	web/calc.html	Комиссии банка
shd_01	ok	102	Форма · вопросы анкеты	web/calc.html	Лицензии и сервисы, за которые вы регулярно платите.
shd_02	ok	112	Форма · вопросы анкеты	web/calc.html	Программы и лицензии, которые вы оплачивали один раз и используете длительное время.
shd_03	ok	160	Форма · вопросы анкеты	web/calc.html	Укажите разовые вложения в создание и обустройство рабочего места.

Если вы делали всё самостоятельно, рекомендуем использовать в расчёте сумму, которую пришлось бы заплатить наёмным специалистам за аналогичную работу, и общую стоимость закупленных материалов.
shd_04	ok	172	Форма · вопросы анкеты	web/calc.html	Курсы, семинары, мастер-классы, наставничество. Это ваш опыт, за который вы заплатили деньгами и месяцами жизни — он тоже должен окупаться через стоимость часа.
shd_05	ok	220	Форма · вопросы анкеты	web/calc.html	Платежи за банковское обслуживание и услуги, которые оплачиваются в фиксированной сумме.
shd_06	ok	232	Форма · вопросы анкеты	web/calc.html	Плата, которую взимает банк в виде процента от суммы произведённой операции.
sm_01	ok	36	Форма · вопросы анкеты	web/calc.html	Официальные нормы труда и отдыха, установленные государством.
sm_02	ok	40	Форма · вопросы анкеты	web/calc.html	И один больничный — чтобы спокойно восстановиться без страха потерять доход.
sm_03	ok	44	Форма · вопросы анкеты	web/calc.html	И 8-часовой рабочий день — норма труда, установленная законом.
ss_rash	только_HTML			web/calc.html	
ss_rez	только_HTML			web/calc.html	
ss_time	только_HTML			web/calc.html	
st_01	только_книга	269	Форма · блок оплаты (paywall)		Что вы узнаете из отчёта
sub_01	ok	8	Форма · шапка	web/calc.html	Калькулятор для фотографов и видеографов. Считает ставку, которая покроет не только съёмку, но и обработку, продвижение, технику и налоги.
th_01	ok	326	Форма · вопросы анкеты	web/calc.html	Длительность съёмкиЦена съёмки
Цена часаСкидка от базовой


Почему цена часа падает
th_02	ok	327	Форма · вопросы	web/calc.html	Стоимость
th_03	ok	328	Форма · вопросы	web/calc.html	Срок службы
th_04	ok	329	Форма · вопросы анкеты	web/calc.html	ПозицияСтоимость
Срок службы

+ Добавить позицию
th_05	ok	93	Форма · вопросы	web/calc.html	Стоимость
th_06	ok	94	Форма · вопросы анкеты	web/calc.html	Срок службы
th_07	ok	104	Форма · вопросы анкеты	web/calc.html	ПозицияСтоимость
Период

+ Добавить подписку
th_08	ok	105	Форма · вопросы	web/calc.html	Стоимость
th_09	ok	106	Форма · вопросы анкеты	web/calc.html	Период
th_10	ok	114	Форма · вопросы анкеты	web/calc.html	ПозицияСтоимость
Срок службы

+ Добавить программу
th_11	ok	115	Форма · вопросы	web/calc.html	Стоимость
th_12	ok	116	Форма · вопросы анкеты	web/calc.html	Срок службы
th_13	ok	162	Форма · вопросы анкеты	web/calc.html	ПозицияСтоимость
Срок службы

+ Добавить позицию
th_14	ok	163	Форма · вопросы	web/calc.html	Стоимость
th_15	ok	164	Форма · вопросы анкеты	web/calc.html	Срок службы
th_16	ok	174	Форма · вопросы анкеты	web/calc.html	ОбучениеСтоимость
Месяцев учились

+ Добавить обучение
th_17	ok	175	Форма · вопросы	web/calc.html	Стоимость
th_18	ok	176	Форма · вопросы анкеты	web/calc.html	Месяцев учились
th_19	ok	210	Форма · вопросы анкеты	web/calc.html	КаналСтоимость
Период

+ Добавить канал
th_20	ok	211	Форма · вопросы	web/calc.html	Стоимость
th_21	ok	212	Форма · вопросы анкеты	web/calc.html	Период
th_22	ok	222	Форма · вопросы анкеты	web/calc.html	ПозицияСтоимость
Период

+ Добавить платёж
th_23	ok	223	Форма · вопросы	web/calc.html	Стоимость
th_24	ok	224	Форма · вопросы анкеты	web/calc.html	Период
th_25	только_книга	317	Форма · размытое превью отчёта		РольЧасов в год
Часов на проект₽ в год₽ с часа съёмки
th_26	только_книга	318	Форма · вопросы		Часов в год
th_27	только_книга	319	Форма · размытое превью отчёта		Часов на проект
tp_01	ok	34	Форма · вопросы анкеты	web/calc.html	Человеческие условия
tp_02	ok	38	Форма · вопросы анкеты	web/calc.html	Право на отдых
tp_03	ok	42	Форма · вопросы анкеты	web/calc.html	Комфортный распорядок
un_01	ok	16	Форма · вопросы анкеты	web/calc.html	₽/мес
un_02	ok	30	Форма · вопросы анкеты	web/calc.html	₽/час
un_03	ok	54	Форма · вопросы анкеты	web/calc.html	часов
un_03b	ok	495	Форма · вопросы анкеты	web/calc.html	кадров/час
un_04	ok	64	Форма · вопросы анкеты	web/calc.html	часа
un_05	ok	70	Форма · вопросы анкеты	web/calc.html	часа
un_06	ok	76	Форма · вопросы анкеты	web/calc.html	ч/день
un_07	ok	130	Форма · вопросы анкеты	web/calc.html	₽/мес
un_08	ok	136	Форма · вопросы анкеты	web/calc.html	₽/мес
un_09	ok	140	Форма · вопросы анкеты	web/calc.html	м²
un_10	ok	146	Форма · вопросы анкеты	web/calc.html	м²
un_11	ok	152	Форма · вопросы анкеты	web/calc.html	₽/мес
un_12	ok	156	Форма · вопросы анкеты	web/calc.html	₽/мес
un_13	ok	184	Форма · вопросы анкеты	web/calc.html	лет
un_14	ok	198	Форма · вопросы анкеты	web/calc.html	часов
un_15	ok	204	Форма · вопросы анкеты	web/calc.html	лет
un_16	ok	246	Форма · вопросы анкеты	web/calc.html	часа
un_17	ok	250	Форма · вопросы анкеты	web/calc.html	₽/мес
wa_01	только_HTML			web/index.html	
wa_02	только_HTML			web/index.html	
wa_03	только_HTML			web/index.html	
wa_04	только_HTML			web/index.html	
wa_05	только_HTML			web/index.html	
wa_06	только_HTML			web/index.html	
wah_01	только_HTML			web/index.html	
wax_01	только_HTML			web/index.html	
wax_02	только_HTML			web/index.html	
wax_03	только_HTML			web/index.html	
wax_04	только_HTML			web/index.html	
wax_05	только_HTML			web/index.html	
wax_06	только_HTML			web/index.html	
wc_01	только_HTML			web/index.html	
wg_01	только_HTML			web/index.html	
why_01	только_книга	336	Форма · блок оплаты (paywall)		Цена по вашей реферальной ссылке — для тех, кто пришёл от друга или из нашего блога
wl_01	только_HTML			web/index.html	
wt_01	только_HTML			web/index.html	
wt_02	только_HTML			web/index.html	
wt_03	только_HTML			web/index.html	
wt_04	только_HTML			web/index.html	
wt_05	только_HTML			web/index.html	
