файл	класс	правил_CSS	в_разметке	в_JS	статус
calc	a	4	1	0	ok
calc	a1	2	1	0	ok
calc	a2	2	1	0	ok
calc	a3	2	1	0	ok
calc	abi	1	1	0	ok
calc	about	2	0	0	НЕиспользуется
calc	accounting-details	0	1	0	БЕЗ_стиля
calc	accounting-row	2	1	0	ok
calc	accounting-self-scope	0	1	0	БЕЗ_стиля
calc	accounting-stages	0	1	0	БЕЗ_стиля
calc	ad	5	0	0	НЕиспользуется
calc	add	3	1	0	ok
calc	add-rst-row	2	1	0	ok
calc	adv	3	0	0	НЕиспользуется
calc	after-field	1	0	0	НЕиспользуется
calc	ai	5	0	0	НЕиспользуется
calc	an	1	0	0	НЕиспользуется
calc	ask	2	0	1	ok
calc	auto-toggle-hint	3	1	0	ok
calc	autobtn	8	1	0	много_правил(8)
calc	autonote	2	1	0	ok
calc	ax	1	0	0	НЕиспользуется
calc	b	4	1	0	ok
calc	bank-acq-group	0	1	0	БЕЗ_стиля
calc	bank-add-row	1	1	0	ok
calc	bank-cell-placeholder	1	1	0	ok
calc	bank-commission-row	6	1	0	ok
calc	bank-commission-scope	0	1	0	БЕЗ_стиля
calc	bank-extra-list	1	1	0	ok
calc	bank-extra-name	0	0	1	БЕЗ_стиля
calc	bank-extra-name-field	2	0	1	ok
calc	bank-extra-rate	0	0	1	БЕЗ_стиля
calc	bank-extra-rate-field	2	0	1	ok
calc	bank-extra-row	6	0	0	НЕиспользуется
calc	bank-name-field	3	1	0	ok
calc	bank-rate-head	5	1	0	ok
calc	bank-rate-table	1	1	0	ok
calc	bank-share-label-field	3	1	0	ok
calc	bank-share-question	6	1	1	ok
calc	banner-benefits	0	1	0	БЕЗ_стиля
calc	bd	4	1	0	ok
calc	benefit	5	1	0	ok
calc	benefit-icon	2	1	0	ok
calc	benefit-icon-stop	2	1	0	ok
calc	benefit-text	1	1	0	ok
calc	benefit-title	3	1	0	ok
calc	benefits	2	1	0	ok
calc	benefits-grid	2	1	0	ok
calc	benefits-note	2	1	0	ok
calc	benefits-tail	2	1	0	ok
calc	bg	3	1	0	ok
calc	bgd	5	1	0	ok
calc	big	5	0	0	НЕиспользуется
calc	bigred	1	0	0	НЕиспользуется
calc	bn	5	1	1	ok
calc	brand	9	1	0	много_правил(9)
calc	bt	3	1	0	ok
calc	btn	19	1	0	много_правил(19)
calc	btns	1	0	0	НЕиспользуется
calc	btx	2	1	0	ok
calc	buy	4	0	0	НЕиспользуется
calc	bx	2	1	0	ok
calc	c	4	1	0	ok
calc	c1	0	0	1	БЕЗ_стиля
calc	c2	0	0	1	БЕЗ_стиля
calc	c3	0	0	1	БЕЗ_стиля
calc	cap	3	0	0	НЕиспользуется
calc	card	27	1	1	много_правил(27)
calc	card-foot	16	0	0	НЕиспользуется
calc	card-status	6	0	0	НЕиспользуется
calc	card-title-row	6	0	1	ok
calc	chg	3	0	0	НЕиспользуется
calc	chip	2	0	0	НЕиспользуется
calc	chips	1	0	0	НЕиспользуется
calc	circ	3	0	0	НЕиспользуется
calc	client-context-notice	1	1	0	ok
calc	client-default-note	1	1	0	ok
calc	client-details	0	1	0	БЕЗ_стиля
calc	client-exclude	0	1	0	БЕЗ_стиля
calc	client-stages	2	1	0	ok
calc	cn	18	1	0	много_правил(18)
calc	cnd	3	1	0	ok
calc	context-notice-title	3	1	0	ok
calc	core-inputs	5	1	0	ok
calc	cw	2	0	0	НЕиспользуется
calc	d1	1	1	0	ok
calc	d2	1	1	0	ok
calc	dc	3	0	0	НЕиспользуется
calc	deco	4	0	0	НЕиспользуется
calc	def	2	1	0	ok
calc	del	6	1	1	ok
calc	dl	3	0	0	НЕиспользуется
calc	dn	7	0	0	НЕиспользуется
calc	done	2	0	1	ok
calc	dot	1	0	0	НЕиспользуется
calc	dt	9	1	0	много_правил(9)
calc	early-foot	2	0	1	ok
calc	education-life-note	0	1	0	БЕЗ_стиля
calc	education-opportunity-note	1	1	0	ok
calc	equipment-cost-notice	1	1	0	ok
calc	equipment-market-note	5	1	0	ok
calc	equipment-notice	0	1	0	БЕЗ_стиля
calc	ex	2	0	0	НЕиспользуется
calc	exc	7	1	1	много_правил(7)
calc	expenses-banner	2	1	0	ok
calc	fbar	1	0	0	НЕиспользуется
calc	fbh	2	1	0	ok
calc	fbi	8	1	0	много_правил(8)
calc	fcop	1	1	0	ok
calc	fg	1	1	0	ok
calc	field-filled	2	0	1	ok
calc	field-row-removed	1	0	1	ok
calc	field-zero	2	0	1	ok
calc	flag	6	1	0	ok
calc	fnote	4	1	0	ok
calc	focus-field	1	1	0	ok
calc	foot	2	1	0	ok
calc	form-section	10	1	0	много_правил(10)
calc	form-section-expenses	12	1	0	много_правил(12)
calc	form-section-reserves	24	1	0	много_правил(24)
calc	form-section-time	13	1	0	много_правил(13)
calc	g2	1	0	0	НЕиспользуется
calc	gh	3	0	0	НЕиспользуется
calc	h-unit	1	1	0	ok
calc	half-single-field	2	1	0	ok
calc	has-exc	4	0	0	НЕиспользуется
calc	has-rst	4	0	0	НЕиспользуется
calc	hasl	1	0	0	НЕиспользуется
calc	have	1	0	0	НЕиспользуется
calc	hd	1	0	0	НЕиспользуется
calc	hdeco	1	0	0	НЕиспользуется
calc	hdr	2	1	0	ok
calc	hero	9	0	0	НЕиспользуется
calc	hero-copy	4	1	0	ok
calc	hero-cover	9	1	0	много_правил(9)
calc	hero-deck	5	1	0	ok
calc	hero-title	5	1	0	ok
calc	highlight-copy	1	1	0	ok
calc	hint	2	1	0	ok
calc	hint-copy	3	1	0	ok
calc	hl	2	0	1	ok
calc	hr	2	0	0	НЕиспользуется
calc	hrt	6	0	0	НЕиспользуется
calc	html	2	0	0	НЕиспользуется
calc	htx	2	1	0	ok
calc	ic	1	0	0	НЕиспользуется
calc	in2	5	1	0	ok
calc	income-card	3	1	0	ok
calc	income-desc	2	1	0	ok
calc	info	4	0	0	НЕиспользуется
calc	info-notice	2	1	0	ok
calc	info2	1	0	0	НЕиспользуется
calc	iok	2	0	0	НЕиспользуется
calc	iwt	2	0	0	НЕиспользуется
calc	k	3	0	0	НЕиспользуется
calc	lb	2	0	0	НЕиспользуется
calc	lbi	3	0	1	ok
calc	lbt	4	0	1	ok
calc	lbw	1	0	1	ok
calc	lbx	2	0	1	ok
calc	ldin	2	1	0	ok
calc	leg	3	0	0	НЕиспользуется
calc	lg	2	0	0	НЕиспользуется
calc	lgs	6	1	0	ok
calc	lim	6	1	0	ok
calc	limbar	15	1	0	много_правил(15)
calc	lk	5	0	0	НЕиспользуется
calc	lkbody	2	0	0	НЕиспользуется
calc	ll	2	1	0	ok
calc	lockttl	2	0	0	НЕиспользуется
calc	lockwrap	8	0	0	НЕиспользуется
calc	lv	4	1	0	ok
calc	lvl	11	1	1	много_правил(11)
calc	lvls	2	1	0	ok
calc	lvnote	3	1	0	ok
calc	lx	1	1	0	ok
calc	method-copy	3	1	0	ok
calc	mid	5	0	0	НЕиспользуется
calc	more	5	0	0	НЕиспользуется
calc	more2	16	1	0	много_правил(16)
calc	n	1	0	0	НЕиспользуется
calc	nb	3	0	0	НЕиспользуется
calc	nh	2	0	0	НЕиспользуется
calc	nm	1	0	0	НЕиспользуется
calc	no-top-line	1	1	0	ok
calc	note	1	0	0	НЕиспользуется
calc	note2	1	0	0	НЕиспользуется
calc	num	1	0	0	НЕиспользуется
calc	off	3	0	1	ok
calc	ok	2	0	0	НЕиспользуется
calc	okmsg	1	0	0	НЕиспользуется
calc	on	48	1	1	много_правил(48)
calc	otherrow	4	0	0	НЕиспользуется
calc	ownnote	3	1	1	ok
calc	paylogos	2	0	0	НЕиспользуется
calc	paywall	2	0	0	НЕиспользуется
calc	pct	2	1	0	ok
calc	pd	1	0	0	НЕиспользуется
calc	pdd	1	0	0	НЕиспользуется
calc	ph	2	0	0	НЕиспользуется
calc	pi	16	0	0	НЕиспользуется
calc	pitems	2	0	0	НЕиспользуется
calc	pl	3	0	0	НЕиспользуется
calc	poll	1	0	0	НЕиспользуется
calc	pollbtn	4	0	0	НЕиспользуется
calc	post-details	3	1	0	ok
calc	post-exclude	2	1	0	ok
calc	post-in2	1	1	0	ok
calc	post-measure-note	3	1	0	ok
calc	post-stage	5	1	0	ok
calc	post-stage-title	3	1	0	ok
calc	post-stages	2	1	0	ok
calc	post-subtitle	1	1	0	ok
calc	price	5	0	0	НЕиспользуется
calc	pricebox	15	0	0	НЕиспользуется
calc	proof-check	8	1	0	много_правил(8)
calc	proof-copy	3	1	0	ok
calc	proof-income	1	0	0	НЕиспользуется
calc	proof-item	3	1	0	ok
calc	pw	110	0	0	НЕиспользуется
calc	pwfoot	2	0	0	НЕиспользуется
calc	q	2	1	0	ok
calc	qd	5	1	0	ok
calc	qf	23	1	1	много_правил(23)
calc	qf-input	3	0	0	НЕиспользуется
calc	qr	9	1	0	много_правил(9)
calc	rad	4	1	0	ok
calc	redo	6	0	0	НЕиспользуется
calc	removable-field-row	6	1	0	ok
calc	reserves-banner	0	1	0	БЕЗ_стиля
calc	rest	3	0	0	НЕиспользуется
calc	row-zero	8	0	1	много_правил(8)
calc	rst-ic	11	0	0	НЕиспользуется
calc	rt	5	0	0	НЕиспользуется
calc	rw	3	0	0	НЕиспользуется
calc	s2d	1	0	0	НЕиспользуется
calc	s2t	1	0	0	НЕиспользуется
calc	salary	4	0	0	НЕиспользуется
calc	save-action	7	1	0	много_правил(7)
calc	save-actions	1	1	0	ok
calc	save-thanks	1	1	0	ok
calc	savebar	3	1	0	ok
calc	sbar	2	0	0	НЕиспользуется
calc	sbox	7	0	0	НЕиспользуется
calc	scmp	2	0	0	НЕиспользуется
calc	sd	1	0	0	НЕиспользуется
calc	sdiff	2	0	0	НЕиспользуется
calc	search-context-conclusion	1	1	0	ok
calc	search-context-highlight	4	1	0	ok
calc	search-context-notice	2	1	0	ok
calc	search-default-note	1	1	0	ok
calc	search-details	0	1	0	БЕЗ_стиля
calc	search-exclude	0	1	0	БЕЗ_стиля
calc	search-task	4	1	0	ok
calc	search-tasks	2	1	0	ok
calc	sect	13	1	0	много_правил(13)
calc	section-banner	6	1	0	ok
calc	section-context-notice	4	1	0	ok
calc	section-copy	3	0	0	НЕиспользуется
calc	section-ending	8	1	0	много_правил(8)
calc	section-main-title	2	1	0	ok
calc	section-point	7	1	0	много_правил(7)
calc	section-point-edit	3	0	0	НЕиспользуется
calc	section-point-highlight	2	0	0	НЕиспользуется
calc	section-point-icon	23	1	0	много_правил(23)
calc	section-point-sber	6	1	0	ok
calc	section-points	6	1	0	ok
calc	section-subtitle	9	1	0	много_правил(9)
calc	section-subtitle-lines	2	0	0	НЕиспользуется
calc	segtip	1	0	0	НЕиспользуется
calc	sh	2	1	1	ok
calc	sh2	1	0	0	НЕиспользуется
calc	shd	1	1	0	ok
calc	sl	1	0	0	НЕиспользуется
calc	sm	1	1	0	ok
calc	sn	1	0	0	НЕиспользуется
calc	software-hint	0	1	0	БЕЗ_стиля
calc	spin	5	1	0	ok
calc	spk	10	0	0	НЕиспользуется
calc	ss	2	1	0	ok
calc	st	2	0	0	НЕиспользуется
calc	st-bad	6	0	0	НЕиспользуется
calc	st-mid	2	0	0	НЕиспользуется
calc	st-ok	3	0	0	НЕиспользуется
calc	st-warn	6	0	0	НЕиспользуется
calc	start-note	2	1	0	ok
calc	start-note-subtitle	2	1	0	ok
calc	start-note-title	4	1	0	ok
calc	stg	2	1	0	ok
calc	stgs	1	1	0	ok
calc	sub	2	1	0	ok
calc	sub2	6	0	0	НЕиспользуется
calc	subhead-rst-row	3	0	1	ok
calc	sv	2	0	0	НЕиспользуется
calc	t	1	0	0	НЕиспользуется
calc	tax-auto-lock	5	0	1	ok
calc	taxdim	6	0	1	ok
calc	taxoff	1	0	0	НЕиспользуется
calc	tbar	21	1	0	много_правил(21)
calc	tbn	1	1	0	ok
calc	three	1	0	0	НЕиспользуется
calc	thx	10	0	0	НЕиспользуется
calc	ti	1	0	0	НЕиспользуется
calc	time-banner	0	1	0	БЕЗ_стиля
calc	time-field	2	1	0	ok
calc	tip	2	0	0	НЕиспользуется
calc	tp	1	1	0	ok
calc	trb	10	1	0	много_правил(10)
calc	trh	2	1	0	ok
calc	tri	2	1	0	ok
calc	trial	5	1	0	ok
calc	trial-mark	1	1	0	ok
calc	trustbar	4	1	0	ok
calc	trustbar-action	6	1	0	ok
calc	trustbar-brand	2	1	0	ok
calc	trustbar-close	4	1	0	ok
calc	trustbar-mark	2	1	0	ok
calc	trustbar-name	2	1	0	ok
calc	trustbar-thanks	1	1	0	ok
calc	trustbar-trial	1	1	0	ok
calc	tt	1	0	0	НЕиспользуется
calc	tw	3	0	0	НЕиспользуется
calc	tw2	3	0	0	НЕиспользуется
calc	tw3	3	0	0	НЕиспользуется
calc	two-col-row	8	1	0	много_правил(8)
calc	un	6	1	1	ok
calc	v	3	0	0	НЕиспользуется
calc	vl	1	0	0	НЕиспользуется
calc	want	1	0	0	НЕиспользуется
calc	warm	1	0	0	НЕиспользуется
calc	warn	3	0	0	НЕиспользуется
calc	warn2	3	0	0	НЕиспользуется
calc	wb	3	0	0	НЕиспользуется
calc	wh	7	1	0	много_правил(7)
calc	why	2	0	0	НЕиспользуется
calc	wide	1	1	0	ok
calc	wk	6	0	0	НЕиспользуется
calc	wlg	2	0	0	НЕиспользуется
calc	workmore-law	3	1	0	ok
calc	workmore-note	4	1	0	ok
calc	workmore-q	1	1	0	ok
calc	workspace-diy-note	0	1	0	БЕЗ_стиля
calc	workspace-home-note	0	1	0	БЕЗ_стиля
calc	workspace-intro	0	1	0	БЕЗ_стиля
calc	workspace-office-note	0	1	0	БЕЗ_стиля
calc	workspace-own-home-flag	1	1	0	ok
calc	workspace-setup-copy	0	1	0	БЕЗ_стиля
calc	wp	1	1	0	ok
calc	zap	24	1	0	много_правил(24)
calc	zaph	2	1	0	ok
calc	zapn	1	1	0	ok
calc	zaprow	16	1	0	много_правил(16)
calc	zapst	6	1	0	ok
report	6	1	0	0	НЕиспользуется
report	a	12	1	1	много_правил(12)
report	ac	4	1	0	ok
report	ac-l	3	1	0	ok
report	ac-r	1	1	0	ok
report	ad	1	1	0	ok
report	alert	6	0	0	НЕиспользуется
report	amt	2	0	1	ok
report	an	2	1	0	ok
report	anim	1	0	0	НЕиспользуется
report	anim-bar	12	0	0	НЕиспользуется
report	anim-ring	4	0	0	НЕиспользуется
report	anim-wk	4	0	1	ok
report	apple	3	1	0	ok
report	appleg	2	1	0	ok
report	arw	1	0	0	НЕиспользуется
report	b	13	1	1	много_правил(13)
report	b0	1	0	1	ok
report	b1	2	0	0	НЕиспользуется
report	b2	3	0	1	ok
report	b3	3	0	0	НЕиспользуется
report	b4	2	0	0	НЕиспользуется
report	b5	2	0	0	НЕиспользуется
report	b6	2	0	0	НЕиспользуется
report	bad	2	0	0	НЕиспользуется
report	bad2	3	0	0	НЕиспользуется
report	bar	21	0	1	много_правил(21)
report	base	1	0	0	НЕиспользуется
report	bb1	1	0	1	ok
report	bb2	4	0	1	ok
report	bbc	6	0	1	ok
report	bbg	4	0	1	ok
report	bbn	1	0	1	ok
report	bbwin	8	0	1	много_правил(8)
report	bd	5	1	0	ok
report	best	4	0	0	НЕиспользуется
report	bestbox	24	1	0	много_правил(24)
report	bg	3	1	0	ok
report	big	13	1	0	много_правил(13)
report	big-h	4	1	0	ok
report	big2	5	0	0	НЕиспользуется
report	big3	1	0	1	ok
report	big4	1	0	0	НЕиспользуется
report	bigsum	6	0	1	ok
report	bl	12	0	1	много_правил(12)
report	bmc	7	0	0	НЕиспользуется
report	bmk	2	0	0	НЕиспользуется
report	bn	3	1	0	ok
report	brand	9	1	0	много_правил(9)
report	bt	14	1	1	много_правил(14)
report	btn2	6	1	0	ok
report	btx	2	1	0	ok
report	bx	2	1	0	ok
report	c	6	1	1	ok
report	c2	1	0	0	НЕиспользуется
report	c3	1	0	0	НЕиспользуется
report	cal	9	0	0	НЕиспользуется
report	calcline	7	0	0	НЕиспользуется
report	calsum	3	0	0	НЕиспользуется
report	cap2	3	0	0	НЕиспользуется
report	card	6	1	0	ok
report	cd	1	0	0	НЕиспользуется
report	cel	4	0	0	НЕиспользуется
report	ch2	2	1	0	ok
report	chd	1	1	0	ok
report	chg	10	0	0	НЕиспользуется
report	chip	2	0	0	НЕиспользуется
report	chips	1	0	0	НЕиспользуется
report	chn	2	0	0	НЕиспользуется
report	cmp2	2	0	0	НЕиспользуется
report	cmpar	2	0	0	НЕиспользуется
report	cmpb	12	0	0	НЕиспользуется
report	cmpres	3	0	0	НЕиспользуется
report	cn	24	1	0	много_правил(24)
report	cnd	3	1	0	ok
report	cnm	8	1	1	много_правил(8)
report	cnote	1	1	0	ok
report	cond	5	1	0	ok
report	cst	2	0	0	НЕиспользуется
report	cstc	9	0	0	НЕиспользуется
report	cta	18	1	0	много_правил(18)
report	ctr	2	1	0	ok
report	cu	4	0	0	НЕиспользуется
report	cx	1	0	0	НЕиспользуется
report	d	4	0	1	ok
report	d1	1	0	0	НЕиспользуется
report	d2	1	0	0	НЕиспользуется
report	d3	1	0	0	НЕиспользуется
report	dcond	2	0	1	ok
report	ddeco	4	1	0	ok
report	dec	1	1	0	ok
report	desc	1	0	0	НЕиспользуется
report	dfill	5	0	0	НЕиспользуется
report	dfoot	4	0	1	ok
report	dgrp	2	0	0	НЕиспользуется
report	disc	0	0	1	БЕЗ_стиля
report	dl	3	0	0	НЕиспользуется
report	dlbar	2	0	0	НЕиспользуется
report	dmap	2	1	0	ok
report	dmc	15	0	1	много_правил(15)
report	dn	26	1	1	много_правил(26)
report	dnote2	1	0	0	НЕиспользуется
report	dnote3	2	0	0	НЕиспользуется
report	dnsum	18	1	0	много_правил(18)
report	dnwrap	1	1	0	ok
report	done	2	0	1	ok
report	dp	1	0	0	НЕиспользуется
report	dph2	2	0	1	ok
report	dpr	2	0	1	ok
report	drow	17	0	0	НЕиспользуется
report	ds	1	0	0	НЕиспользуется
report	ds2	1	0	0	НЕиспользуется
report	dsb	3	0	1	ok
report	dsc2	2	0	0	НЕиспользуется
report	dsdeco	1	0	1	ok
report	dsg	10	0	0	НЕиспользуется
report	dsh	1	0	1	ok
report	dsi	4	0	0	НЕиспользуется
report	dsl	3	0	1	ok
report	dsm	2	0	1	ok
report	dst	5	1	0	ok
report	dtab	6	0	0	НЕиспользуется
report	dur	1	0	0	НЕиспользуется
report	dy	6	0	0	НЕиспользуется
report	eq	1	0	0	НЕиспользуется
report	ex	11	1	0	много_правил(11)
report	exl	3	1	0	ok
report	exm	4	1	0	ok
report	exp	2	1	0	ok
report	fact	3	1	0	ok
report	fbar	20	1	0	много_правил(20)
report	fbh	4	1	0	ok
report	fbi	14	1	0	много_правил(14)
report	fbl	8	1	0	много_правил(8)
report	fbt	6	1	0	ok
report	fc	2	0	1	ok
report	fcop	1	1	0	ok
report	fct	20	0	1	много_правил(20)
report	fd	1	0	1	ok
report	fg	11	1	1	много_правил(11)
report	fh	1	0	1	ok
report	fill	5	0	1	ok
report	fin	12	0	0	НЕиспользуется
report	finh	3	0	0	НЕиспользуется
report	finl	5	0	0	НЕиспользуется
report	finq	1	0	0	НЕиспользуется
report	finsub	2	0	0	НЕиспользуется
report	fixed	1	0	0	НЕиспользуется
report	fl	1	0	1	ok
report	fm2	2	0	0	НЕиспользуется
report	fmid	3	0	1	ok
report	fn	2	0	1	ok
report	fnd	4	1	0	ok
report	fnn	3	0	1	ok
report	fnw	2	0	1	ok
report	foot	1	1	0	ok
report	fpc	1	0	1	ok
report	free	1	0	1	ok
report	frg	1	0	1	ok
report	fring	8	0	1	много_правил(8)
report	fsub	2	0	1	ok
report	ftab	12	1	0	много_правил(12)
report	ftop	5	0	1	ok
report	fu	1	0	1	ok
report	fv	4	0	1	ok
report	g	26	0	1	много_правил(26)
report	g1	1	0	0	НЕиспользуется
report	g2	1	0	0	НЕиспользуется
report	g3	1	0	0	НЕиспользуется
report	gap	1	0	1	ok
report	go	6	0	1	ok
report	good2	3	0	0	НЕиспользуется
report	h	2	0	0	НЕиспользуется
report	h1	1	1	0	ok
report	h2c	1	1	0	ok
report	h2deco	1	1	0	ok
report	h2g	2	1	0	ok
report	h2i	2	1	0	ok
report	h2s	1	1	0	ok
report	h2t	2	1	0	ok
report	h2v	2	1	0	ok
report	h3	1	0	0	НЕиспользуется
report	hatch	1	0	1	ok
report	have	1	0	0	НЕиспользуется
report	hd	1	0	1	ok
report	hdeco	6	1	0	ok
report	hdr	1	1	0	ok
report	hero	13	1	0	много_правил(13)
report	hero2	13	1	0	много_правил(13)
report	hh	2	0	0	НЕиспользуется
report	hi	4	0	0	НЕиспользуется
report	hide	1	1	0	ok
report	hint	4	1	0	ok
report	hn	1	0	0	НЕиспользуется
report	howb	2	0	0	НЕиспользуется
report	howg	2	0	0	НЕиспользуется
report	howi	5	0	0	НЕиспользуется
report	howt	1	0	0	НЕиспользуется
report	hr	2	0	1	ok
report	hrp	2	0	0	НЕиспользуется
report	html	2	0	0	НЕиспользуется
report	htx	2	1	0	ok
report	ic	6	0	0	НЕиспользуется
report	in	2	1	0	ok
report	info	14	1	0	много_правил(14)
report	info2	1	0	0	НЕиспользуется
report	ins	2	0	0	НЕиспользуется
report	insc	9	0	0	НЕиспользуется
report	iok	2	0	1	ok
report	it	5	0	0	НЕиспользуется
report	iwt	2	0	1	ok
report	k	5	1	1	ok
report	kick	1	1	0	ok
report	lb	2	1	0	ok
report	lb2	1	0	0	НЕиспользуется
report	lbg	1	0	1	ok
report	ld	2	0	1	ok
report	lft	2	0	0	НЕиспользуется
report	lg	8	0	0	НЕиспользуется
report	lgd	2	1	0	ok
report	lggrp	3	0	1	ok
report	lgi	16	0	1	много_правил(16)
report	lgline	7	0	0	НЕиспользуется
report	lgq	3	0	0	НЕиспользуется
report	lgs	6	1	0	ok
report	lgs2	2	0	0	НЕиспользуется
report	lgsum	3	0	0	НЕиспользуется
report	lgw	0	0	1	БЕЗ_стиля
report	lgwb	4	0	1	ok
report	logi	3	1	0	ok
report	logii	3	1	0	ok
report	logit	5	1	0	ok
report	loy	2	1	0	ok
report	loyc	14	0	1	много_правил(14)
report	lp	1	0	1	ok
report	ls2	1	0	1	ok
report	lt	2	0	1	ok
report	ltx	7	0	1	много_правил(7)
report	lv	4	0	0	НЕиспользуется
report	lvv	5	0	1	ok
report	lx	1	1	0	ok
report	mbf	2	1	0	ok
report	mbl	7	1	0	много_правил(7)
report	meta	1	1	0	ok
report	mflow	4	0	0	НЕиспользуется
report	mgrp	1	0	0	НЕиспользуется
report	mhead	4	0	0	НЕиспользуется
report	mid	14	0	1	много_правил(14)
report	minb	15	1	0	много_правил(15)
report	mk	5	0	1	ok
report	mrow	12	0	0	НЕиспользуется
report	n	2	1	0	ok
report	n2	1	1	0	ok
report	n3	1	1	0	ok
report	nm	8	0	0	НЕиспользуется
report	nm2	1	0	0	НЕиспользуется
report	nm3	6	0	1	ok
report	nmg	1	0	0	НЕиспользуется
report	nml	1	0	0	НЕиспользуется
report	nmlist	2	0	0	НЕиспользуется
report	nmr	14	0	0	НЕиспользуется
report	nmt	2	0	0	НЕиспользуется
report	nmv	3	0	0	НЕиспользуется
report	nmw	5	0	0	НЕиспользуется
report	nmwrap	2	0	0	НЕиспользуется
report	no	1	0	0	НЕиспользуется
report	note	46	1	1	много_правил(46)
report	note2	1	0	0	НЕиспользуется
report	npd	20	1	0	много_правил(20)
report	npdlim	3	0	1	ok
report	num	4	1	1	ok
report	num2	3	0	0	НЕиспользуется
report	off	1	0	0	НЕиспользуется
report	ok	18	0	1	много_правил(18)
report	okb	2	0	0	НЕиспользуется
report	on	5	1	1	ok
report	op	1	0	0	НЕиспользуется
report	out	2	0	1	ok
report	over	2	0	1	ok
report	own	1	0	0	НЕиспользуется
report	p1	0	1	0	БЕЗ_стиля
report	p2	0	1	0	БЕЗ_стиля
report	p3	0	1	0	БЕЗ_стиля
report	pc	3	0	0	НЕиспользуется
report	pgb	1	1	0	ok
report	pgd	1	1	0	ok
report	pgh	4	1	0	ok
report	pi2	10	0	1	много_правил(10)
report	plain	4	0	0	НЕиспользуется
report	pmknote	13	1	0	много_правил(13)
report	pmo	4	0	0	НЕиспользуется
report	pnf	1	1	1	ok
report	pnh	1	1	1	ok
report	prc	1	0	0	НЕиспользуется
report	ratebot	7	0	1	много_правил(7)
report	rb1	0	0	1	БЕЗ_стиля
report	recbm	1	0	0	НЕиспользуется
report	recc	14	0	0	НЕиспользуется
report	recd	1	0	0	НЕиспользуется
report	recg	2	0	0	НЕиспользуется
report	rech	2	0	0	НЕиспользуется
report	recin	2	0	0	НЕиспользуется
report	recl	3	0	0	НЕиспользуется
report	recres	7	0	0	НЕиспользуется
report	recrow	9	0	0	НЕиспользуется
report	rectag	1	0	0	НЕиспользуется
report	rectot	9	0	0	НЕиспользуется
report	recwarn	5	0	0	НЕиспользуется
report	red	1	0	0	НЕиспользуется
report	refl	3	0	1	ok
report	res	1	0	0	НЕиспользуется
report	rnum	2	0	1	ok
report	rr	6	0	0	НЕиспользуется
report	rs	2	0	0	НЕиспользуется
report	rt	8	0	0	НЕиспользуется
report	rt2	3	0	0	НЕиспользуется
report	rtc	3	0	0	НЕиспользуется
report	rtf	2	0	0	НЕиспользуется
report	rtg	2	0	0	НЕиспользуется
report	rtt	1	0	0	НЕиспользуется
report	rtx	1	0	1	ok
report	rw	7	1	0	много_правил(7)
report	rwi	1	0	0	НЕиспользуется
report	s	3	0	1	ok
report	s1	6	1	0	ok
report	s2	6	1	0	ok
report	s3	6	1	0	ok
report	s3g	7	0	1	много_правил(7)
report	s3h	1	0	1	ok
report	s3t	5	0	1	ok
report	saletag	2	1	0	ok
report	savebar	4	1	0	ok
report	savebtn	4	1	0	ok
report	savenote	1	0	0	НЕиспользуется
report	sbox	6	0	0	НЕиспользуется
report	sc	2	0	0	НЕиспользуется
report	sc3	7	0	1	много_правил(7)
report	scdeco	5	0	1	ok
report	scmp	2	0	0	НЕиспользуется
report	scn	18	1	0	много_правил(18)
report	scn3	20	0	1	много_правил(20)
report	sd	1	0	1	ok
report	sdiff	2	0	0	НЕиспользуется
report	seg	3	0	1	ok
report	segan	0	0	1	БЕЗ_стиля
report	segtip	8	0	0	НЕиспользуется
report	sh	3	0	0	НЕиспользуется
report	sl	1	0	0	НЕиспользуется
report	slg	3	1	1	ok
report	sm	3	1	1	ok
report	sn	2	0	1	ok
report	spc	2	1	0	ok
report	spcc	8	0	1	много_правил(8)
report	srt	7	1	0	много_правил(7)
report	st	1	0	1	ok
report	st4	1	1	0	ok
report	sub	1	1	0	ok
report	sub2	1	1	0	ok
report	subh	2	0	0	НЕиспользуется
report	subhd	2	0	0	НЕиспользуется
report	sum	1	0	0	НЕиспользуется
report	sv	5	0	1	ok
report	t	7	1	1	много_правил(7)
report	tabw	1	1	0	ok
report	tbar	22	1	0	много_правил(22)
report	tbn	2	1	0	ok
report	team	1	0	0	НЕиспользуется
report	three	6	1	0	ok
report	thx	6	1	0	ok
report	thxb	10	1	0	много_правил(10)
report	thxbar	1	1	0	ok
report	thxd	1	1	0	ok
report	thxd2	1	1	0	ok
report	thxn	2	1	0	ok
report	tip	1	0	0	НЕиспользуется
report	top	2	1	1	ok
report	tot	3	0	1	ok
report	tp	1	1	0	ok
report	tpl	7	0	0	НЕиспользуется
report	trb	8	1	0	много_правил(8)
report	trh	1	1	0	ok
report	tri	1	1	0	ok
report	ts	1	1	0	ok
report	tt	1	0	0	НЕиспользуется
report	two	4	0	0	НЕиспользуется
report	tx	32	1	0	много_правил(32)
report	tx2	2	0	0	НЕиспользуется
report	txbox	1	1	0	ok
report	txfoot	1	1	0	ok
report	txh	1	1	0	ok
report	txhs	1	1	0	ok
report	txnote	0	1	0	БЕЗ_стиля
report	txw	11	1	0	много_правил(11)
report	u	1	0	0	НЕиспользуется
report	un	2	1	0	ok
report	un2	1	0	0	НЕиспользуется
report	v	8	1	1	много_правил(8)
report	want	1	0	0	НЕиспользуется
report	warn	28	1	1	много_правил(28)
report	warn2	2	0	0	НЕиспользуется
report	wb	5	0	0	НЕиспользуется
report	whyb	6	0	0	НЕиспользуется
report	whys	3	0	0	НЕиспользуется
report	whyt	2	0	0	НЕиспользуется
report	wk	13	1	0	много_правил(13)
report	wkmk	2	0	1	ok
report	wknote	9	1	0	много_правил(9)
report	wlbl	1	0	1	ok
report	wlg	4	0	0	НЕиспользуется
report	wnh	2	1	0	ok
report	wnkey	2	1	0	ok
report	wnl	2	0	0	НЕиспользуется
report	wnote	2	1	0	ok
report	wnsub	2	1	0	ok
report	wp	1	1	0	ok
report	y	1	1	0	ok
report	you	1	0	0	НЕиспользуется
report	zeb	1	0	0	НЕиспользуется
report	zero	6	0	0	НЕиспользуется
index	ad	7	1	0	много_правил(7)
index	adv	3	1	0	ok
index	advh	2	1	0	ok
index	ai	1	1	0	ok
index	an	2	1	0	ok
index	ax	1	1	0	ok
index	bd	4	1	0	ok
index	brand	8	1	0	много_правил(8)
index	bt	3	1	0	ok
index	btx	2	1	0	ok
index	bx	5	1	0	ok
index	creed	2	1	0	ok
index	d1	1	1	0	ok
index	d2	1	1	0	ok
index	deco	4	1	0	ok
index	dim	2	0	1	ok
index	fcop	1	1	0	ok
index	foot	1	1	0	ok
index	gate	9	1	0	много_правил(9)
index	goin	8	1	0	много_правил(8)
index	hdeco	1	0	0	НЕиспользуется
index	hot	5	0	1	ok
index	in	1	1	0	ok
index	lgs	6	1	0	ok
index	lx	1	1	0	ok
index	made	1	1	0	ok
index	p1	1	1	0	ok
index	p2	2	1	0	ok
index	p3	1	1	0	ok
index	p4	1	1	0	ok
index	pet	9	1	1	много_правил(9)
index	savebtn	4	1	0	ok
index	segtip	1	0	0	НЕиспользуется
index	trb	6	1	0	ok
index	trh	2	1	0	ok
index	tri	2	1	0	ok
index	trial	3	1	0	ok
