01 · ГЛОССАРИЙ — единый реестр понятий, параметров и обозначений;;;;;;;;;;;
Собирается вместе с модель/глоссарий.html одним скриптом модель/глоссарий.py. Источник — этот лист. Столбцы «Решение» и «Справочник» временные.;;;;;;;;;;;
;;;;;;;;;;;
A · МАРКЕРЫ ТИПОВ;;;;;;;;;;;
№;Наименование;Статус (временный);Справочник · для сверки (временный);ID;Тип;Определение;Определение утверждено;Описание алгоритма;Формула (пример расчёта);Где используется;Решение (временный)
1;Константа;не сверяется;;const;meta;Заранее установленное значение, которое используется в расчётах и не изменяется в зависимости от введённых пользователем данных.;согласовано;;247 дня, 57 390 ₽;внутренний;
2;Значение по умолчанию;не сверяется;;default;meta;Заранее установленное значение параметра, которое используется автоматически, если пользователь не указал другое значение.;согласовано;;доход 108 999 ₽;внутренний;
3;Формула;не сверяется;;calc;meta;Расчётное выражение, по которому калькулятор на основе введённых пользователем данных и установленных констант определяет значение параметра.;согласовано;;net_time-side_time;внутренний;
4;Переключатель;не сверяется;;switch;meta;Параметр с выбором из нескольких вариантов, который меняет не только значение, но и сам ход расчёта.;черновик;;«Работаю из дома» / «Арендую»;внутренний;
5;Служебное понятие;не сверяется;;meta;meta;Обозначение, описывающее устройство самой книги, а не деятельность специалиста.;черновик;;block, form, section;внутренний;
6;Тип поля интерфейса;не сверяется;;ui;meta;Обозначение способа, которым пользователь вводит или получает значение параметра.;черновик;;input_number, dropdown;внутренний;
;;;;;;;;;;;
A1 · Служебные понятия — Из чего собраны книга, анкета и отчёт.;;;;;;;;;;;
№;Наименование;Статус (временный);Справочник · для сверки (временный);ID;Тип;Определение;Определение утверждено;Описание алгоритма;Формула (пример расчёта);Где используется;Решение (временный)
7;Раздел;не сверяется;;Section1 … Section6;служебное;Крупная часть анкеты, объединяющая несколько блоков.;черновик;;07_Интерфейс, 08_UI;внутренний;
8;Блок;не сверяется;;Block1 … Block18;служебное;Смысловая часть анкеты: один вопрос или группа связанных вопросов с общим заголовком.;черновик;;07_Интерфейс, 08_UI;внутренний;
9;Форма;не сверяется;;Form001 … Form016;служебное;Набор однотипных строк, которые пользователь заполняет списком.;черновик;;03_Каталоги, 07_Интерфейс;внутренний;
10;Параметр;не сверяется;;income_month и другие ID;служебное;Отдельная величина книги со своим постоянным обозначением, по которому на неё ссылаются формулы.;черновик;;02_Параметры;внутренний;
11;Каталог;не сверяется;;cat_form, cat_year;служебное;Список позиций формы вместе с ценой, сроком службы, периодом платежа и годовой суммой.;черновик;;03_Каталоги;внутренний;
12;Тип расхода;не сверяется;;амортизация · регулярный платёж;служебное;Признак позиции каталога: разовая покупка, разложенная по сроку службы, или платёж, повторяющийся каждый период.;черновик;;03_Каталоги;внутренний;
13;Период платежа;не сверяется;;Год · Квартал · Месяц;служебное;Как часто вносится регулярный платёж. Задаёт множитель платежей в год: 1, 4 или 12.;черновик;;03_Каталоги;внутренний;
14;Лист книги;не сверяется;;00 … 28;служебное;Отдельная страница книги с номером и назначением в названии.;черновик;;вся книга;внутренний;
15;id в вёрстке;не сверяется;;hRate, dn1, lg1;служебное;Обозначение элемента на странице, по которому скрипт подставляет в него рассчитанное значение.;черновик;;08c_Структура_отчёта;внутренний;
;;;;;;;;;;;
A5 · Типы полей анкеты — Как пользователь вводит значение.;;;;;;;;;;;
№;Наименование;Статус (временный);Справочник · для сверки (временный);ID;Тип;Определение;Определение утверждено;Описание алгоритма;Формула (пример расчёта);Где используется;Решение (временный)
16;input_number;не сверяется;;поле ввода;служебное;Поле для ввода числа.;черновик;;доход, ставка, коэффициент;внутренний;
17;input_extended;не сверяется;;поле с настройкой;служебное;Поле для ввода числа с дополнительной настройкой рядом.;черновик;;Block10;внутренний;
18;dropdown;не сверяется;;select;служебное;Выпадающий список с выбором одного варианта.;черновик;;налоговый режим, учёт;внутренний;
19;radio;не сверяется;;переключатель;служебное;Выбор одного варианта из нескольких, все видны сразу.;черновик;;создание сайта;внутренний;
20;checkbox;не сверяется;;галочка;служебное;Включает или выключает блок либо строку расчёта.;черновик;;«Не учитывать этот блок»;внутренний;
21;dynamic_table;не сверяется;;таблица;служебное;Таблица, в которую пользователь сам добавляет и удаляет строки.;черновик;;оборудование, ПО;внутренний;
22;dynamic_tables;не сверяется;;две таблицы;служебное;Две такие таблицы в одном блоке.;черновик;;Block8;внутренний;
23;table_head;не сверяется;;шапка таблицы;служебное;Названия столбцов таблицы.;черновик;;—;внутренний;
24;table_row;не сверяется;;строка таблицы;служебное;Одна строка, заполняемая пользователем.;черновик;;39 строк в 08_UI;внутренний;
25;button_add;не сверяется;;кнопка;служебное;Кнопка «Добавить позицию» под таблицей.;черновик;;—;внутренний;
26;calc_row;не сверяется;;строка итога;служебное;Строка с рассчитанным значением, пользователь её не заполняет.;черновик;;«Итого амортизация»;внутренний;
27;calc_field;не сверяется;;поле вывода;служебное;Отдельное поле с рассчитанным значением внутри блока.;черновик;;—;внутренний;
28;subhead;не сверяется;;подзаголовок;служебное;Подзаголовок внутри блока.;черновик;;—;внутренний;
29;info_block;не сверяется;;текстовый блок;служебное;Пояснительный текст без полей ввода.;черновик;;«Как мы считаем»;внутренний;
30;2 parts;не сверяется;;две части;служебное;Блок из двух частей: время и деньги.;черновик;;Block11, Block15;внутренний;
31;report;не сверяется;;вывод;служебное;Блок вывода результата в конце анкеты.;черновик;;Block16 … Block18;внутренний;
;;;;;;;;;;;
A6 · Типы блоков отчёта — Из чего собран отчёт.;;;;;;;;;;;
№;Наименование;Статус (временный);Справочник · для сверки (временный);ID;Тип;Определение;Определение утверждено;Описание алгоритма;Формула (пример расчёта);Где используется;Решение (временный)
32;header;не сверяется;;шапка;служебное;Заголовок, подзаголовок, дата расчёта.;черновик;;rMeta;внутренний;
33;hero;не сверяется;;главная плашка;служебное;Крупная цифра ставки часа на зелёном фоне.;черновик;;hRate;внутренний;
34;report_row;не сверяется;;строка показателей;служебное;Три показателя в строку под главной плашкой.;черновик;;—;внутренний;
35;chart_donut;не сверяется;;кольцевая диаграмма;служебное;Кольцо с сегментами и легендой.;черновик;;dn1, lg1;внутренний;
36;compare_box;не сверяется;;сравнение;служебное;Две величины рядом для сравнения.;черновик;;—;внутренний;
37;cond;не сверяется;;условия труда;служебное;Пять условий по Трудовому кодексу.;черновик;;condGrid;внутренний;
38;trust;не сверяется;;доверие;служебное;Доводы, почему расчёту можно верить.;черновик;;—;внутренний;
39;paywall;не сверяется;;блок оплаты;служебное;Иконка, заголовок, цена, кнопки.;черновик;;—;внутренний;
40;button;не сверяется;;кнопка;служебное;Печать, скачивание, «поделиться».;черновик;;dlpdf;внутренний;
41;table;не сверяется;;таблица детализации;служебное;Восемь таблиц с полной выкладкой расчёта.;черновик;;спрдет;внутренний;
;;;;;;;;;;;
B · ВРЕМЯ — иерархия по вашему определению (ГЛАВНОЕ);;;;;;;;;;;
№;Наименование;Статус (временный);Справочник · для сверки (временный);ID;Тип;Определение;Определение утверждено;Описание алгоритма;Формула (пример расчёта);Где используется;Решение (временный)
42;Рабочее время;тождественно;Рабочее время — Время, в течение которого специалист выполняет профессиональные обязанности, включая непосредственную работу, подготовку, организационные задачи и другие действия, связанные с выполнением работы.;work_time;calc;Время, в течение которого специалист выполняет профессиональные обязанности, включая непосредственную работу, подготовку, организационные задачи и другие действия, связанные с выполнением работы.;согласовано;;247 × 8 = 1 976 ч/год;общий;
43;ЧИСТОЕ время;переименовать;Эффективное рабочее время — Часть рабочего времени, фактически используемая для выполнения профессиональных задач, за исключением времени на отдых, кратковременные личные перерывы и другие непроизводительные отвлечения, не связанные непосредственно с выполнением работы.;net_time;calc;Часть рабочего времени, фактически используемая для выполнения профессиональных задач, за исключением времени на отдых, кратковременные личные перерывы и другие непроизводительные отвлечения, не связанные непосредственно с выполнением работы.;согласовано;;(247−20−8) × 7 = 1 533 ч/год;общий;Удалить. Остаётся «Эффективное рабочее время».
44;ОПЕРАЦИОННОЕ время;тождественно;Операционное время — Время, затрачиваемое специалистом на выполнение рабочих задач, не связанных непосредственно с оказанием услуги или созданием результата для клиента, но необходимых для организации и ведения профессиональной деятельности. Включает продвижение и рекламу, поиск заказов, работу с клиентами, бухгалтерию и учёт, планирование, организационные и административные задачи.;side_time;calc;Время, затрачиваемое специалистом на выполнение рабочих задач, не связанных непосредственно с оказанием услуги или созданием результата для клиента, но необходимых для организации и ведения профессиональной деятельности. Включает продвижение и рекламу, поиск заказов, работу с клиентами, бухгалтерию и учёт, планирование, организационные и административные задачи.;согласовано;Складываем часы на все задачи, которые не создают результат для клиента напрямую: продвижение и поиск заказов, работа с клиентом, бухгалтерия и учёт, планирование и организационные дела.;438 + 12 = 450 ч/год;общий;Определение утверждено, внесено в справочник.
45;Время на заказы до резерва;не сверяется;;pool_gross;calc;Чистое минус операционное. Промежуточная величина перед вычетом резерва;черновик;;1 533 − 450 = 1 083 ч/год;внутренний;На утверждении: формулировка описывает время ПОСЛЕ вычета резерва, а параметр считается ДО. Уточнить.
46;Резерв на форс-мажоры;переименовать;Резерв времени на форс-мажоры — Дополнительное время, закладываемое в рабочий график на непредвиденные обстоятельства, задержки, технические сбои и другие ситуации, которые могут увеличить продолжительность выполнения работы.;fm_time;calc;Перенос и отмена съёмок, срывы по вине клиента, повторные выезды. Процент от времени на заказы;черновик;;5% × 1 083 = 54,15 ч/год;общий;
47;ПРОЕКТНОЕ время за год;тождественно;Проектное время — Общее время, необходимое специалисту для выполнения всех работ в рамках съёмочного проекта, включая подготовку, проведение съёмки, обработку материала и передачу готового результата.;project_pool;calc;Общее время, необходимое специалисту для выполнения всех работ в рамках съёмочного проекта, включая подготовку, проведение съёмки, обработку материала и передачу готового результата.;согласовано;;1 083 − 54,15 = 1 028,85 ч/год;общий;Объединить: одно понятие «Проектное время», без периодов.
48;Проектное время на 1 проект;тождественно;Проектное время — Общее время, необходимое специалисту для выполнения всех работ в рамках съёмочного проекта, включая подготовку, проведение съёмки, обработку материала и передачу готового результата.;project_time;calc;Общее время, необходимое специалисту для выполнения всех работ в рамках съёмочного проекта, включая подготовку, проведение съёмки, обработку материала и передачу готового результата.;согласовано;;6×4 + 1 = 25 ч/проект;общий;Объединить: одно понятие «Проектное время», без периодов.
49;ПРОФИЛЬНОЕ время;не сверяется;;core_time;calc;Работа по профилю: съёмка и обработка ВМЕСТЕ. Равно S × (1+коэф.). БЕЗ клиента;черновик;;262,80 + 788,40 = 1 051,20 ч/год;внутренний;
50;СЪЁМОЧНОЕ время (S);переименовать;Съёмочный час — Единица рабочего времени, в течение которой специалист непосредственно выполняет съёмочные работы в рамках одного заказа или проекта.;shooting_time;calc;Работа на площадке. Обозначается S. ЦЕЛЬ РАСЧЁТА и знаменатель ставки;черновик;;43,80 × 6 = 262,80 ч/год;общий;
51;Постпродакшн;тождественно;Постпродакшн — Комплекс работ с отснятым материалом после завершения съёмки, направленных на его обработку, доработку и подготовку к передаче или публикации.;post_time;calc;Комплекс работ с отснятым материалом после завершения съёмки, направленных на его обработку, доработку и подготовку к передаче или публикации.;согласовано;;262,80 × 3 = 788,40 ч/год;общий;
52;Работа с клиентом;переименовать;Проектная работа с клиентами — Рабочие действия специалиста, связанные с взаимодействием с клиентом в рамках конкретного проекта: обсуждение задачи, согласование условий и деталей работы, подготовка к проекту, коммуникация в процессе его выполнения, согласование результата и завершение проекта.;client_total;calc;Продажа, согласования, организация. 1 час НА КАЖДЫЙ проект: чем короче съёмки, тем больше проектов и тем больше суммарных клиентских часов;черновик;;проектов × 1 ч;общий;Разделено на два понятия: операционная и проектная работа с клиентами. Здесь остаётся проектная.
53;Продвижение;тождественно;Продвижение — Комплекс действий, направленных на привлечение внимания к специалисту, его услугам или продуктам, увеличение числа потенциальных клиентов и стимулирование продаж.;promo_time;calc;Комплекс действий, направленных на привлечение внимания к специалисту, его услугам или продуктам, увеличение числа потенциальных клиентов и стимулирование продаж.;согласовано;;2 × 219 = 438 ч/год;общий;
54;Учёт и планирование;тождественно;Учёт — Систематический сбор, фиксация и анализ информации о доходах, расходах, работе и других показателях профессиональной деятельности.;accounting_time;calc;Систематический сбор, фиксация и анализ информации о доходах, расходах, работе и других показателях профессиональной деятельности.;согласовано;;3 × 4 = 12 ч/год;общий;
55;Коэффициент обработки;переименовать;"Первичная обработка — Комплекс действий с отснятым фотоматериалом, выполняемых специалистом с использованием специализированных компьютерных программ для подготовки материала к дальнейшему использованию. Включает подготовку материала: создание и организацию папок и файлов, выгрузку материала с карт памяти, резервное копирование; отбор материала: просмотр отснятого материала, удаление технического брака, отбор удачных кадров, исключение дублей, кадров с закрытыми глазами и явно неудачных кадров; базовую цветокоррекцию: коррекцию экспозиции, баланса белого, контраста, светлых и тёмных областей, резкости и насыщенности, приведение всей серии к единому цвету и свету; коррекцию кадра: кадрирование, выравнивание горизонта, коррекцию перспективы и искажений объектива, удаление крупных лишних объектов из кадра; подготовку и передачу результата: импорт и экспорт из программы обработки, подготовку файлов, изменение размера и формата при необходимости. Ретушь в первичную обработку не входит.";post_ratio;default;Часов обработки на 1 час съёмки. По умолчанию 3, пользователь меняет под свой жанр;черновик;;3 (свадьба больше, репортаж меньше);общий;
56;Резерв на форс-мажоры;переименовать;Резерв времени на форс-мажоры — Дополнительное время, закладываемое в рабочий график на непредвиденные обстоятельства, задержки, технические сбои и другие ситуации, которые могут увеличить продолжительность выполнения работы.;fm_on;switch;Включён по умолчанию, 5%. Поле процента редактируется пользователем;черновик;;Заложить / Не закладывать;общий;
57;Множитель профильного;не сверяется;;profile_multiplier;calc;1 + коэффициент обработки. Во столько раз профильное время больше съёмочного;черновик;;1 + 3 = 4;внутренний;
58;Проектов в год;не сверяется;;projects_year;calc;Сколько проектов помещается в проектное время;черновик;;1 095 / 25 = 43,80 = число недель;внутренний;Деление по периодам не заводим — один параметр.
;;;;;;;;;;;
C · ПРОВЕРКА ИЕРАРХИИ — три равенства, которые всегда верны;;;;;;;;;;;
№;Наименование;Статус (временный);Справочник · для сверки (временный);ID;Тип;Определение;Определение утверждено;Описание алгоритма;Формула (пример расчёта);Где используется;Решение (временный)
59;Первый уровень;не сверяется;;—;meta;ОПЕРАЦИОННОЕ + РЕЗЕРВ + ПРОЕКТНОЕ = ЧИСТОЕ;черновик;;450 + 54,15 + 1 028,85 = 1 533 ✓;внутренний;
60;Второй уровень;не сверяется;;—;meta;ПРОФИЛЬНОЕ + работа с клиентом = ПРОЕКТНОЕ;черновик;;985,05 + 43,80 = 1 028,85 ✓;внутренний;
61;Третий уровень;не сверяется;;—;meta;СЪЁМОЧНОЕ + постпродакшн = ПРОФИЛЬНОЕ;черновик;;246,26 + 738,79 = 985,05 ✓;внутренний;
;;;;;;;;;;;
D · ПЕРЕКЛЮЧАТЕЛИ — шесть точек выбора пользователя;;;;;;;;;;;
№;Наименование;Статус (временный);Справочник · для сверки (временный);ID;Тип;Определение;Определение утверждено;Описание алгоритма;Формула (пример расчёта);Где используется;Решение (временный)
62;Режим налогообложения;переименовать;Налоговый режим — Установленный законодательством порядок исчисления и уплаты налогов и обязательных платежей, применяемый специалистом в зависимости от выбранной системы налогообложения.;regime;switch;Семь вариантов. По умолчанию НПД средняя 5%;черновик;;Form015 · Block4;общий;
63;Час проектного времени;переименовать;Стоимость клиентского часа — Стоимость одного часа работы специалиста для клиента. Считается так: выручка за год делится на проектное время — часы, которые остаются на выполнение заказов после вычета поиска клиентов, учёта и резерва на форс-мажоры. Нужна, чтобы самостоятельно назначать цену на услуги вне съёмки: консультации, организацию съёмки, подбор команды. Такой час выполняется вместо заказа, поэтому и стоить должен как час заказа, иначе работа выполняется в убыток.;hour_pool;calc;Выручка / проектное время. ПОСТОЯННАЯ величина: база для сетки объёмных скидок;черновик;;2 138 693 / 1 028,85 = 2 079 ₽;общий;
64;Рабочее место;тождественно;Рабочее место — Организованное пространство специалиста, оснащённое необходимым оборудованием, инструментами и материалами для выполнения конкретных профессиональных задач.;ws_mode;switch;Организованное пространство специалиста, оснащённое необходимым оборудованием, инструментами и материалами для выполнения конкретных профессиональных задач.;согласовано;;Form005 · Block9;общий;
65;Живу в своём;нет понятия;;own_home;switch;Если жильё своё и ипотеки нет — плата за жильё обнуляется, коммуналка остаётся;черновик;;Form005 · Block9;общий;
66;Учёт и планирование;тождественно;Учёт — Систематический сбор, фиксация и анализ информации о доходах, расходах, работе и других показателях профессиональной деятельности.;acc_mode;switch;Систематический сбор, фиксация и анализ информации о доходах, расходах, работе и других показателях профессиональной деятельности.;согласовано;;Form011 · Block14;общий;
67;Создание сайта;переименовать;Сайт — Интернет-ресурс, предназначенный для представления специалиста, его услуг и портфолио, информирования потенциальных клиентов, привлечения обращений и получения заказов.;site_mode;switch;Нанимал — цена подрядчика. Делал сам — часы × полная ставка рабочего часа;черновик;;Form014 · Block12;общий;
68;Период платежа;не сверяется;;—;switch;Год / Квартал / Месяц. Множитель платежей в год: 1 / 4 / 12;черновик;;03_Каталоги, столбец «Период»;внутренний;
;;;;;;;;;;;
E · ДЕНЬГИ;;;;;;;;;;;
№;Наименование;Статус (временный);Справочник · для сверки (временный);ID;Тип;Определение;Определение утверждено;Описание алгоритма;Формула (пример расчёта);Где используется;Решение (временный)
69;Желаемый доход;тождественно;Желаемый доход — Сумма денежных средств, которую специалист планирует получать за свою профессиональную деятельность после покрытия всех расходов, налогов и обязательных платежей.;target_income;calc;Сумма денежных средств, которую специалист планирует получать за свою профессиональную деятельность после покрытия всех расходов, налогов и обязательных платежей.;согласовано;;108 999 × 12 = 1 307 988 ₽;общий;
70;Выручка;тождественно;Выручка — Общая сумма денежных средств, которую специалист получил или должен получить от продажи работ или услуг за определённый период, до вычета расходов, налогов и других затрат.;revenue;calc;Общая сумма денежных средств, которую специалист получил или должен получить от продажи работ или услуг за определённый период, до вычета расходов, налогов и других затрат.;согласовано;;04_Расчёт, строка 4;общий;
71;Всего расходов;нет понятия;;total_costs;calc;Амортизация плюс переменные. Без эквайринга;черновик;;C = 786 026 ₽/год;общий;
72;Амортизация;тождественно;Амортизация — Постепенное включение стоимости имущества в расходы бизнеса по мере его использования и износа.;investment;calc;Постепенное включение стоимости имущества в расходы бизнеса по мере его использования и износа.;согласовано;;308 126 ₽/год;общий;
73;Переменные расходы;переименовать;Текущие расходы — Регулярные расходы специалиста, необходимые для поддержания профессиональной деятельности и выполнения работы в течение определённого периода.;variable_costs;calc;Регулярные платежи за год;черновик;;477 900 ₽/год;общий;
74;Эквайринг;тождественно;Эквайринг — Комиссия за приём безналичных платежей от клиентов с использованием банковских карт, электронных средств платежа и других платёжных инструментов.;acquiring;calc;Комиссия за приём безналичных платежей от клиентов с использованием банковских карт, электронных средств платежа и других платёжных инструментов.;согласовано;;2,7%;общий;
75;База для выручки;не сверяется;;revenue_base;calc;Расходы плюс желаемый доход. Получить ПОСЛЕ всех платежей;черновик;;N + C = 2 094 014 ₽;внутренний;
;;;;;;;;;;;
F · НАЛОГИ 2026;;;;;;;;;;;
№;Наименование;Статус (временный);Справочник · для сверки (временный);ID;Тип;Определение;Определение утверждено;Описание алгоритма;Формула (пример расчёта);Где используется;Решение (временный)
76;НПД;переименовать;Налоговый режим — Установленный законодательством порядок исчисления и уплаты налогов и обязательных платежей, применяемый специалистом в зависимости от выбранной системы налогообложения.;rate_npd_avg;default;Средняя ставка 5% — базовый вариант, работа и с физлицами, и с юрлицами. Взносов нет, лимит 2,4 млн;черновик;;4% физлица · 6% юрлица;общий;
77;УСН «Доходы»;переименовать;Налоговый режим — Установленный законодательством порядок исчисления и уплаты налогов и обязательных платежей, применяемый специалистом в зависимости от выбранной системы налогообложения.;rate_usn_inc;default;Налог с выручки. Взносы ВЫЧИТАЮТСЯ из налога до нуля;черновик;;6%;общий;
78;УСН «Д−Р»;переименовать;Налоговый режим — Установленный законодательством порядок исчисления и уплаты налогов и обязательных платежей, применяемый специалистом в зависимости от выбранной системы налогообложения.;rate_usn_prof;default;Налог с прибыли. Взносы уменьшают базу. Минимальный налог 1%;черновик;;15%;общий;
79;АУСН;переименовать;Налоговый режим — Установленный законодательством порядок исчисления и уплаты налогов и обязательных платежей, применяемый специалистом в зависимости от выбранной системы налогообложения.;rate_ausn_inc;const;Взносы ИП за себя НЕ платятся. Лимит 60 млн;черновик;;8% · 20%, мин. налог 3%;общий;
80;Фиксированные взносы;переименовать;Страховые взносы — Обязательные платежи в государственные внебюджетные фонды и государственные системы страхования, связанные с осуществлением профессиональной деятельности и обеспечением социальных гарантий.;fixed_contrib;const;Платит каждый ИП. Срок — 28 декабря;черновик;;57 390 ₽/год;общий;
81;Дополнительный взнос;переименовать;Страховые взносы — Обязательные платежи в государственные внебюджетные фонды и государственные системы страхования, связанные с осуществлением профессиональной деятельности и обеспечением социальных гарантий.;extra_contrib;const;1% с дохода свыше порога. Срок — 1 июля следующего года;черновик;;1% × (база − 300 000);общий;
82;Предельная величина;переименовать;Страховые взносы — Обязательные платежи в государственные внебюджетные фонды и государственные системы страхования, связанные с осуществлением профессиональной деятельности и обеспечением социальных гарантий.;contrib_threshold;const;Порог для допвзноса. ЗА ГОД, не за месяц;черновик;;300 000 ₽;общий;
83;Вычет взносов из налога;не сверяется;;—;meta;"На УСН «Доходы» взносы уменьшают налог до нуля. Платёж = MAX(налог; взносы), а НЕ сумма";черновик;;ключевая механика;внутренний;
;;;;;;;;;;;
G · СТАВКИ ЧАСА (все на съёмочный час);;;;;;;;;;;
№;Наименование;Статус (временный);Справочник · для сверки (временный);ID;Тип;Определение;Определение утверждено;Описание алгоритма;Формула (пример расчёта);Где используется;Решение (временный)
84;Наивная ставка;не сверяется;;naive_rate;calc;Доход / съёмочные часы. Без расходов и налогов. Демонстрация ошибки;черновик;;4 977 ₽/ч;внутренний;
85;Базовая ставка;не сверяется;;base_rate;calc;Доход / чистое время. ТОЛЬКО личный доход, без налогов и расходов;черновик;;1 307 988 / 1 533 = 853 ₽/ч;внутренний;
86;Текущая ставка;тождественно;Текущая ставка — Стоимость одного часа работы специалиста, установленная им на данный момент с учётом действующих условий оказания услуг.;current_rate;default;Стоимость одного часа работы специалиста, установленная им на данный момент с учётом действующих условий оказания услуг.;согласовано;;6 000 ₽/ч;общий;
87;Операционная ставка;не сверяется;;ops_rate;calc;Покрывает доход и расходы, но БЕЗ налога;черновик;;(N+C) / 261,41 = 8 011 ₽/ч;внутренний;
88;ПОЛНАЯ ставка;переименовать;Полная стоимость часа работы — Вся выручка за год, разделённая на рабочее время — рабочие дни, умноженные на восемь часов. Показывает, сколько денег приносит один час работы до вычета расходов и налогов. Нужна, чтобы видеть разницу между тем, что платят клиенты, и тем, что остаётся на руки: между этими двумя величинами лежат все расходы дела, налоги и эквайринг.;real_rate;calc;Покрывает доход, расходы, налог и эквайринг. ЦЕНА ДЛЯ КЛИЕНТА;черновик;;05_Итог, строка 5;общий;
89;Точка безубыточности;тождественно;Точка безубыточности — Объём работы или выручки, при котором доход специалиста полностью покрывает все расходы, но ещё не формирует прибыль.;breakeven;calc;Объём работы или выручки, при котором доход специалиста полностью покрывает все расходы, но ещё не формирует прибыль.;согласовано;;подставить N = 0;общий;
;;;;;;;;;;;
1 · Календарь;;;;;;;;;;;
№;Наименование;Статус (временный);Справочник · для сверки (временный);ID;Тип;Определение;Определение утверждено;Описание алгоритма;Формула (пример расчёта);Где используется;Решение (временный)
90;Всего дней в году;не сверяется;;days_year;const;ед.: дн;черновик;;365;внутренний;
91;Рабочих дней в году;не сверяется;;work_days;const;ед.: дн;черновик;;247;внутренний;
92;Рабочих дней в неделю;не сверяется;;days_week;const;ед.: дн;черновик;;5;внутренний;
93;Месяцев в году;не сверяется;;months;const;ед.: мес;черновик;;12;внутренний;
94;Кварталов в году;не сверяется;;quarters;const;ед.: кв;черновик;;4;внутренний;
95;Всего недель в году;не сверяется;;weeks_year;calc;ед.: нед · зависит от: days_year;черновик;;days_year/7;внутренний;
96;Номинальных часов в дне;не сверяется;;nominal_hours;const;ед.: ч;черновик;;8;внутренний;
97;Рабочих месяцев в году;не сверяется;;work_months;const;ед.: мес;черновик;;11;внутренний;
98;Отпуск, календарных дней;тождественно;Отпуск — Период временного освобождения специалиста от работы для отдыха и восстановления, предусмотренный трудовым законодательством или установленный самим специалистом.;vacation_cal;const;Период временного освобождения специалиста от работы для отдыха и восстановления, предусмотренный трудовым законодательством или установленный самим специалистом.;согласовано;;28;общий;
99;Отпуск, рабочих дней;тождественно;Отпуск — Период временного освобождения специалиста от работы для отдыха и восстановления, предусмотренный трудовым законодательством или установленный самим специалистом.;vacation_work;const;Период временного освобождения специалиста от работы для отдыха и восстановления, предусмотренный трудовым законодательством или установленный самим специалистом.;согласовано;;20;общий;
100;Больничный, календарных дней;тождественно;Больничный — Период временной нетрудоспособности из-за болезни или травмы, в течение которого человек освобождён от работы.;sick_cal;const;Период временной нетрудоспособности из-за болезни или травмы, в течение которого человек освобождён от работы.;согласовано;;10;общий;
101;Больничный, рабочих дней;тождественно;Больничный — Период временной нетрудоспособности из-за болезни или травмы, в течение которого человек освобождён от работы.;sick_work;const;Период временной нетрудоспособности из-за болезни или травмы, в течение которого человек освобождён от работы.;согласовано;;8;общий;
102;Чистых (эффективных) часов в дне;переименовать;Эффективное рабочее время — Часть рабочего времени, фактически используемая для выполнения профессиональных задач, за исключением времени на отдых, кратковременные личные перерывы и другие непроизводительные отвлечения, не связанные непосредственно с выполнением работы.;eff_hours;const;Часть рабочего времени, фактически используемая для выполнения профессиональных задач, за исключением времени на отдых, кратковременные личные перерывы и другие непроизводительные отвлечения, не связанные непосредственно с выполнением работы.;согласовано;;7;общий;Оставить как внутреннюю величину.
;;;;;;;;;;;
2 · Время;;;;;;;;;;;
№;Наименование;Статус (временный);Справочник · для сверки (временный);ID;Тип;Определение;Определение утверждено;Описание алгоритма;Формула (пример расчёта);Где используется;Решение (временный)
103;Рабочее время по календарю;тождественно;Рабочее время — Время, в течение которого специалист выполняет профессиональные обязанности, включая непосредственную работу, подготовку, организационные задачи и другие действия, связанные с выполнением работы.;work_time;calc;Время, в течение которого специалист выполняет профессиональные обязанности, включая непосредственную работу, подготовку, организационные задачи и другие действия, связанные с выполнением работы.;согласовано;;work_days*nominal_hours;общий;
104;Чистое рабочее время, дней;переименовать;Эффективное рабочее время — Часть рабочего времени, фактически используемая для выполнения профессиональных задач, за исключением времени на отдых, кратковременные личные перерывы и другие непроизводительные отвлечения, не связанные непосредственно с выполнением работы.;net_days;calc;Часть рабочего времени, фактически используемая для выполнения профессиональных задач, за исключением времени на отдых, кратковременные личные перерывы и другие непроизводительные отвлечения, не связанные непосредственно с выполнением работы.;согласовано;;work_days-vacation_work-sick_work;общий;Удалить. Остаётся «Эффективное рабочее время».
105;ЧИСТОЕ время;переименовать;Эффективное рабочее время — Часть рабочего времени, фактически используемая для выполнения профессиональных задач, за исключением времени на отдых, кратковременные личные перерывы и другие непроизводительные отвлечения, не связанные непосредственно с выполнением работы.;net_time;calc;Часть рабочего времени, фактически используемая для выполнения профессиональных задач, за исключением времени на отдых, кратковременные личные перерывы и другие непроизводительные отвлечения, не связанные непосредственно с выполнением работы.;согласовано;;net_days*eff_hours;общий;Удалить. Остаётся «Эффективное рабочее время».
106;Чистое время, недель;переименовать;Эффективное рабочее время — Часть рабочего времени, фактически используемая для выполнения профессиональных задач, за исключением времени на отдых, кратковременные личные перерывы и другие непроизводительные отвлечения, не связанные непосредственно с выполнением работы.;net_weeks;calc;Часть рабочего времени, фактически используемая для выполнения профессиональных задач, за исключением времени на отдых, кратковременные личные перерывы и другие непроизводительные отвлечения, не связанные непосредственно с выполнением работы.;согласовано;;net_days/days_week;общий;Удалить. Деление по периодам не заводим.
107;Продвижение, часов в день;тождественно;Продвижение — Комплекс действий, направленных на привлечение внимания к специалисту, его услугам или продуктам, увеличение числа потенциальных клиентов и стимулирование продаж.;promo_per_day;default;Комплекс действий, направленных на привлечение внимания к специалисту, его услугам или продуктам, увеличение числа потенциальных клиентов и стимулирование продаж.;согласовано;;2;общий;
108;Продвижение за год;тождественно;Продвижение — Комплекс действий, направленных на привлечение внимания к специалисту, его услугам или продуктам, увеличение числа потенциальных клиентов и стимулирование продаж.;promo_time;calc;Комплекс действий, направленных на привлечение внимания к специалисту, его услугам или продуктам, увеличение числа потенциальных клиентов и стимулирование продаж.;согласовано;;promo_per_day*net_days;общий;
109;ПЕРЕКЛЮЧАТЕЛЬ · учёт и планирование;переименовать;Учёт — Систематический сбор, фиксация и анализ информации о доходах, расходах, работе и других показателях профессиональной деятельности.;acc_mode;switch;;;;Веду самостоятельно;общий;
110;Учёт: часов в квартал, если веду сам;тождественно;Учёт — Систематический сбор, фиксация и анализ информации о доходах, расходах, работе и других показателях профессиональной деятельности.;acc_per_quarter;default;Систематический сбор, фиксация и анализ информации о доходах, расходах, работе и других показателях профессиональной деятельности.;согласовано;;3;общий;
111;Учёт и планирование, время;тождественно;Учёт — Систематический сбор, фиксация и анализ информации о доходах, расходах, работе и других показателях профессиональной деятельности.;accounting_time;calc;Систематический сбор, фиксация и анализ информации о доходах, расходах, работе и других показателях профессиональной деятельности.;согласовано;;"IF(acc_mode=""Веду самостоятельно"",acc_per_quarter*quarters,0)";общий;
112;ОПЕРАЦИОННОЕ время;тождественно;Операционное время — Время, затрачиваемое специалистом на выполнение рабочих задач, не связанных непосредственно с оказанием услуги или созданием результата для клиента, но необходимых для организации и ведения профессиональной деятельности. Включает продвижение и рекламу, поиск заказов, работу с клиентами, бухгалтерию и учёт, планирование, организационные и административные задачи.;side_time;calc;Время, затрачиваемое специалистом на выполнение рабочих задач, не связанных непосредственно с оказанием услуги или созданием результата для клиента, но необходимых для организации и ведения профессиональной деятельности. Включает продвижение и рекламу, поиск заказов, работу с клиентами, бухгалтерию и учёт, планирование, организационные и административные задачи.;согласовано;Складываем часы на все задачи, которые не создают результат для клиента напрямую: продвижение и поиск заказов, работа с клиентом, бухгалтерия и учёт, планирование и организационные дела.;promo_time+accounting_time;общий;Определение утверждено, внесено в справочник.
113;ПРОЕКТНОЕ время за год;тождественно;Проектное время — Общее время, необходимое специалисту для выполнения всех работ в рамках съёмочного проекта, включая подготовку, проведение съёмки, обработку материала и передачу готового результата.;project_pool;calc;Общее время, необходимое специалисту для выполнения всех работ в рамках съёмочного проекта, включая подготовку, проведение съёмки, обработку материала и передачу готового результата.;согласовано;;pool_gross-fm_time;общий;Объединить: одно понятие «Проектное время», без периодов.
;;;;;;;;;;;
3 · Проект;;;;;;;;;;;
№;Наименование;Статус (временный);Справочник · для сверки (временный);ID;Тип;Определение;Определение утверждено;Описание алгоритма;Формула (пример расчёта);Где используется;Решение (временный)
114;Коэффициент обработки;переименовать;"Первичная обработка — Комплекс действий с отснятым фотоматериалом, выполняемых специалистом с использованием специализированных компьютерных программ для подготовки материала к дальнейшему использованию. Включает подготовку материала: создание и организацию папок и файлов, выгрузку материала с карт памяти, резервное копирование; отбор материала: просмотр отснятого материала, удаление технического брака, отбор удачных кадров, исключение дублей, кадров с закрытыми глазами и явно неудачных кадров; базовую цветокоррекцию: коррекцию экспозиции, баланса белого, контраста, светлых и тёмных областей, резкости и насыщенности, приведение всей серии к единому цвету и свету; коррекцию кадра: кадрирование, выравнивание горизонта, коррекцию перспективы и искажений объектива, удаление крупных лишних объектов из кадра; подготовку и передачу результата: импорт и экспорт из программы обработки, подготовку файлов, изменение размера и формата при необходимости. Ретушь в первичную обработку не входит.";post_ratio;default;ед.: ×;черновик;;3;общий;
115;Множитель профильного времени;не сверяется;;profile_multiplier;calc;ед.: × · зависит от: post_ratio;черновик;;1+post_ratio;внутренний;
116;Работа с клиентом на проект;переименовать;Проектная работа с клиентами — Рабочие действия специалиста, связанные с взаимодействием с клиентом в рамках конкретного проекта: обсуждение задачи, согласование условий и деталей работы, подготовка к проекту, коммуникация в процессе его выполнения, согласование результата и завершение проекта.;client_time;default;ед.: ч/проект;черновик;;1;общий;Это «Проектная работа с клиентами».
117;Целевых проектов в неделю;не сверяется;;week_target;default;ед.: шт/нед;черновик;;1;внутренний;
118;Максимальная съёмка при целевом темпе;переименовать;Продолжительность съёмки — Время, затрачиваемое специалистом непосредственно на проведение съёмочных работ, от начала до завершения съёмки.;shoot_auto;calc;ед.: ч · зависит от: project_pool, net_weeks, week_target, client_time, profile_multiplier;черновик;;IF(profile_multiplier*week_target=0,0,(project_pool/net_weeks/week_target-client_time)/profile_multiplier);общий;
119;ТИПОВАЯ продолжительность съёмки (S);переименовать;Продолжительность съёмки — Время, затрачиваемое специалистом непосредственно на проведение съёмочных работ, от начала до завершения съёмки.;shoot_duration;default;ед.: ч;черновик;;2;общий;
120;Стоимость часа проектного времени;переименовать;Стоимость клиентского часа — Стоимость одного часа работы специалиста для клиента. Считается так: выручка за год делится на проектное время — часы, которые остаются на выполнение заказов после вычета поиска клиентов, учёта и резерва на форс-мажоры. Нужна, чтобы самостоятельно назначать цену на услуги вне съёмки: консультации, организацию съёмки, подбор команды. Такой час выполняется вместо заказа, поэтому и стоить должен как час заказа, иначе работа выполняется в убыток.;hour_pool;calc;ед.: ₽/ч · зависит от: выручка, project_pool;черновик;;IF(project_pool=0,0,CHOOSE(regime_no,'05_Расчёт'!B4,'05_Расчёт'!C4,'05_Расчёт'!D4,'05_Расчёт'!E4,'05_Расчёт'!F4,'05_Расчёт'!G4,'05_Расчёт'!H4)/project_pool);общий;
121;ПРОЕКТНОЕ время на 1 проект;тождественно;Проектное время — Общее время, необходимое специалисту для выполнения всех работ в рамках съёмочного проекта, включая подготовку, проведение съёмки, обработку материала и передачу готового результата.;project_time;calc;Общее время, необходимое специалисту для выполнения всех работ в рамках съёмочного проекта, включая подготовку, проведение съёмки, обработку материала и передачу готового результата.;согласовано;;shoot_duration*profile_multiplier+client_time;общий;
122;Проектов в год;не сверяется;;projects_year;calc;ед.: шт/год · зависит от: project_pool, project_time;черновик;;IF(project_time=0,0,project_pool/project_time);внутренний;Деление по периодам не заводим — один параметр.
123;Проектов в месяц;не сверяется;;projects_month;calc;ед.: шт/мес · зависит от: projects_year, months;черновик;;projects_year/months;внутренний;Деление по периодам не заводим — один параметр.
124;Проектов в неделю;не сверяется;;projects_week;calc;ед.: шт/нед · зависит от: projects_year, net_weeks;черновик;;projects_year/net_weeks;внутренний;Деление по периодам не заводим — один параметр.
125;СЪЁМОЧНОЕ время;переименовать;Съёмочный час — Единица рабочего времени, в течение которой специалист непосредственно выполняет съёмочные работы в рамках одного заказа или проекта.;shooting_time;calc;ед.: ч/год · зависит от: projects_year, shoot_duration;черновик;;projects_year*shoot_duration;общий;Деление по периодам не заводим — один параметр.
126;Съёмочное время в месяц;переименовать;Съёмочный час — Единица рабочего времени, в течение которой специалист непосредственно выполняет съёмочные работы в рамках одного заказа или проекта.;shooting_month;calc;ед.: ч/мес · зависит от: shooting_time, months;черновик;;shooting_time/months;общий;Деление по периодам не заводим — один параметр.
127;Съёмочное время в неделю;переименовать;Съёмочный час — Единица рабочего времени, в течение которой специалист непосредственно выполняет съёмочные работы в рамках одного заказа или проекта.;shooting_week;calc;ед.: ч/нед · зависит от: shooting_time, net_weeks;черновик;;shooting_time/net_weeks;общий;Деление по периодам не заводим — один параметр.
128;Постпродакшн за год;тождественно;Постпродакшн — Комплекс работ с отснятым материалом после завершения съёмки, направленных на его обработку, доработку и подготовку к передаче или публикации.;post_time;calc;Комплекс работ с отснятым материалом после завершения съёмки, направленных на его обработку, доработку и подготовку к передаче или публикации.;согласовано;;shooting_time*post_ratio;общий;
129;ПРОФИЛЬНОЕ время;не сверяется;;core_time;calc;ед.: ч/год · зависит от: shooting_time, profile_multiplier;черновик;;shooting_time*profile_multiplier;внутренний;
130;Работа с клиентом за год;не сверяется;;client_total;calc;ед.: ч/год · зависит от: projects_year, client_time;черновик;;projects_year*client_time;внутренний;
131;Операционных часов на час съёмки;не сверяется;;ops_per_shoot;calc;ед.: ч · зависит от: side_time, shooting_time;черновик;;IF(shooting_time=0,0,side_time/shooting_time);внутренний;
;;;;;;;;;;;
4 · Доход;;;;;;;;;;;
№;Наименование;Статус (временный);Справочник · для сверки (временный);ID;Тип;Определение;Определение утверждено;Описание алгоритма;Формула (пример расчёта);Где используется;Решение (временный)
132;Желаемый доход на руки;тождественно;Желаемый доход — Сумма денежных средств, которую специалист планирует получать за свою профессиональную деятельность после покрытия всех расходов, налогов и обязательных платежей.;income_month;default;Сумма денежных средств, которую специалист планирует получать за свою профессиональную деятельность после покрытия всех расходов, налогов и обязательных платежей.;согласовано;;108999;общий;
133;Желаемый доход за год;тождественно;Желаемый доход — Сумма денежных средств, которую специалист планирует получать за свою профессиональную деятельность после покрытия всех расходов, налогов и обязательных платежей.;target_income;calc;Сумма денежных средств, которую специалист планирует получать за свою профессиональную деятельность после покрытия всех расходов, налогов и обязательных платежей.;согласовано;;income_month*months;общий;
134;Текущая ставка часа;тождественно;Текущая ставка — Стоимость одного часа работы специалиста, установленная им на данный момент с учётом действующих условий оказания услуг.;current_rate;default;Стоимость одного часа работы специалиста, установленная им на данный момент с учётом действующих условий оказания услуг.;согласовано;;6000;общий;
;;;;;;;;;;;
5 · Рабочее место;;;;;;;;;;;
№;Наименование;Статус (временный);Справочник · для сверки (временный);ID;Тип;Определение;Определение утверждено;Описание алгоритма;Формула (пример расчёта);Где используется;Решение (временный)
135;ПЕРЕКЛЮЧАТЕЛЬ · рабочее место;не сверяется;;ws_mode;switch;;;;Работаю из дома;внутренний;
136;ДОМА · живу в своём, ипотеки нет;не сверяется;;own_home;switch;;;;нет;внутренний;
137;ДОМА · аренда или ипотека;не сверяется;;home_rent;default;ед.: ₽/мес;черновик;;40000;внутренний;
138;ДОМА · коммунальные и связь;не сверяется;;home_util;default;ед.: ₽/мес;черновик;;7000;внутренний;
139;ДОМА · общая площадь жилья;не сверяется;;home_area;default;ед.: м²;черновик;;50;внутренний;
140;ДОМА · площадь под кабинет;не сверяется;;cab_area;default;ед.: м²;черновик;;6;внутренний;
141;ДОМА · доля кабинета;не сверяется;;cab_share;calc;ед.: % · зависит от: cab_area, home_area;черновик;;IF(home_area=0,0,cab_area/home_area);внутренний;
142;АРЕНДА · стоимость помещения;не сверяется;;office_rent;default;ед.: ₽/мес;черновик;;15000;внутренний;
143;АРЕНДА · коммунальные и связь;не сверяется;;office_util;default;ед.: ₽/мес;черновик;;7000;внутренний;
144;Содержание рабочего места;тождественно;Содержание рабочего места — Расходы на поддержание рабочего пространства и оборудования в состоянии, необходимом для регулярного выполнения профессиональной деятельности.;var_workspace;calc;Расходы на поддержание рабочего пространства и оборудования в состоянии, необходимом для регулярного выполнения профессиональной деятельности.;согласовано;;"IF(ws_mode=""Работаю из дома"",(home_rent+home_util)*cab_share*months,(office_rent+office_util)*months)";общий;
;;;;;;;;;;;
6 · Обучение и сайт;;;;;;;;;;;
№;Наименование;Статус (временный);Справочник · для сверки (временный);ID;Тип;Определение;Определение утверждено;Описание алгоритма;Формула (пример расчёта);Где используется;Решение (временный)
145;Обучение · стоимость курса;тождественно;Обучение — Затраты на получение и поддержание знаний, навыков и профессиональных компетенций, необходимых для выполнения работы и развития специалиста.;edu_cost;default;Затраты на получение и поддержание знаний, навыков и профессиональных компетенций, необходимых для выполнения работы и развития специалиста.;согласовано;;80000;общий;
146;Обучение · месяцев без дохода;тождественно;Обучение — Затраты на получение и поддержание знаний, навыков и профессиональных компетенций, необходимых для выполнения работы и развития специалиста.;edu_months;default;Затраты на получение и поддержание знаний, навыков и профессиональных компетенций, необходимых для выполнения работы и развития специалиста.;согласовано;;4;общий;
147;Обучение · срок амортизации;тождественно;Обучение — Затраты на получение и поддержание знаний, навыков и профессиональных компетенций, необходимых для выполнения работы и развития специалиста.;edu_life;default;Затраты на получение и поддержание знаний, навыков и профессиональных компетенций, необходимых для выполнения работы и развития специалиста.;согласовано;;7;общий;
148;Обучение · упущенная выгода;тождественно;Обучение — Затраты на получение и поддержание знаний, навыков и профессиональных компетенций, необходимых для выполнения работы и развития специалиста.;edu_opportunity;calc;Затраты на получение и поддержание знаний, навыков и профессиональных компетенций, необходимых для выполнения работы и развития специалиста.;согласовано;;edu_months*income_month;общий;
149;Амортизация · обучение;тождественно;Амортизация — Постепенное включение стоимости имущества в расходы бизнеса по мере его использования и износа.;dep_education;calc;Постепенное включение стоимости имущества в расходы бизнеса по мере его использования и износа.;согласовано;;IF(edu_life=0,0,(edu_cost+edu_opportunity)/edu_life);общий;
150;ПЕРЕКЛЮЧАТЕЛЬ · создание сайта;переименовать;Сайт — Интернет-ресурс, предназначенный для представления специалиста, его услуг и портфолио, информирования потенциальных клиентов, привлечения обращений и получения заказов.;site_mode;switch;;;;Нанимал (а) специалиста;общий;
151;Сайт · стоимость подрядчика;тождественно;Сайт — Интернет-ресурс, предназначенный для представления специалиста, его услуг и портфолио, информирования потенциальных клиентов, привлечения обращений и получения заказов.;site_cost;default;Интернет-ресурс, предназначенный для представления специалиста, его услуг и портфолио, информирования потенциальных клиентов, привлечения обращений и получения заказов.;согласовано;;70000;общий;
152;Сайт · часов своими руками;тождественно;Сайт — Интернет-ресурс, предназначенный для представления специалиста, его услуг и портфолио, информирования потенциальных клиентов, привлечения обращений и получения заказов.;site_hours;default;Интернет-ресурс, предназначенный для представления специалиста, его услуг и портфолио, информирования потенциальных клиентов, привлечения обращений и получения заказов.;согласовано;;0;общий;
153;Сайт · срок амортизации;тождественно;Сайт — Интернет-ресурс, предназначенный для представления специалиста, его услуг и портфолио, информирования потенциальных клиентов, привлечения обращений и получения заказов.;site_life;default;Интернет-ресурс, предназначенный для представления специалиста, его услуг и портфолио, информирования потенциальных клиентов, привлечения обращений и получения заказов.;согласовано;;7;общий;
154;Амортизация · сайт;тождественно;Амортизация — Постепенное включение стоимости имущества в расходы бизнеса по мере его использования и износа.;dep_website;calc;Постепенное включение стоимости имущества в расходы бизнеса по мере его использования и износа.;согласовано;;"IF(site_mode=""Нанимал (а) специалиста"",IF(site_life=0,0,site_cost/site_life),0)";общий;
155;Сайт · поправка знаменателя;тождественно;Сайт — Интернет-ресурс, предназначенный для представления специалиста, его услуг и портфолио, информирования потенциальных клиентов, привлечения обращений и получения заказов.;site_divisor;calc;Интернет-ресурс, предназначенный для представления специалиста, его услуг и портфолио, информирования потенциальных клиентов, привлечения обращений и получения заказов.;согласовано;;"IF(site_mode=""Нанимал (а) специалиста"",0,IF(site_life*net_time=0,0,site_hours/(site_life*net_time)))";общий;
;;;;;;;;;;;
7 · Расходы;;;;;;;;;;;
№;Наименование;Статус (временный);Справочник · для сверки (временный);ID;Тип;Определение;Определение утверждено;Описание алгоритма;Формула (пример расчёта);Где используется;Решение (временный)
156;Амортизация · съёмочное оборудование;тождественно;Амортизация — Постепенное включение стоимости имущества в расходы бизнеса по мере его использования и износа.;dep_shoot;calc;Постепенное включение стоимости имущества в расходы бизнеса по мере его использования и износа.;согласовано;;"SUMIF(cat_form,""Form001"",cat_year)";общий;
157;Амортизация · офисное оборудование;тождественно;Амортизация — Постепенное включение стоимости имущества в расходы бизнеса по мере его использования и износа.;dep_office;calc;Постепенное включение стоимости имущества в расходы бизнеса по мере его использования и износа.;согласовано;;"SUMIF(cat_form,""Form002"",cat_year)";общий;
158;Амортизация · ПО разовые покупки;тождественно;Амортизация — Постепенное включение стоимости имущества в расходы бизнеса по мере его использования и износа.;dep_software;calc;Постепенное включение стоимости имущества в расходы бизнеса по мере его использования и износа.;согласовано;;"SUMIF(cat_form,""Form004"",cat_year)";общий;
159;Амортизация · обустройство места;тождественно;Амортизация — Постепенное включение стоимости имущества в расходы бизнеса по мере его использования и износа.;dep_workspace;calc;Постепенное включение стоимости имущества в расходы бизнеса по мере его использования и износа.;согласовано;;"SUMIF(cat_form,""Form013"",cat_year)";общий;
160;ИТОГО амортизация;переименовать;Амортизация — Постепенное включение стоимости имущества в расходы бизнеса по мере его использования и износа.;investment;calc;ед.: ₽/год · зависит от: dep_*;черновик;;dep_shoot+dep_office+dep_software+dep_workspace+dep_education+dep_website;общий;
161;Переменные · подписки ПО;переименовать;Подписки — Регулярные платежи за доступ к программам, сервисам, платформам и другим цифровым инструментам, необходимым специалисту для работы.;var_software;calc;ед.: ₽/год · зависит от: Form003;черновик;;"SUMIF(cat_form,""Form003"",cat_year)";общий;
162;Переменные · реклама и продвижение;переименовать;Реклама — Распространение информации о специалисте, его услугах или продуктах с целью привлечения внимания потенциальных клиентов и стимулирования спроса.;var_ads;calc;ед.: ₽/год · зависит от: Form010;черновик;;"SUMIF(cat_form,""Form010"",cat_year)";общий;
163;Переменные · банк РКО и СМС;переименовать;Банковское обслуживание — Расходы на ведение банковских счетов, проведение платежей и использование других банковских услуг, необходимых для профессиональной деятельности.;var_bank;calc;ед.: ₽/год · зависит от: Form007;черновик;;"SUMIF(cat_form,""Form007"",cat_year)";общий;
164;Специалист по учёту · стоимость в месяц;переименовать;Бухгалтерия — Ведение и обработка финансовой информации о деятельности специалиста, включая учёт доходов и расходов, расчёт обязательных платежей и подготовку необходимой отчётности.;acc_cost_month;default;ед.: ₽/мес;черновик;;10000;общий;
165;Переменные · специалист по учёту;переименовать;Бухгалтерия — Ведение и обработка финансовой информации о деятельности специалиста, включая учёт доходов и расходов, расчёт обязательных платежей и подготовку необходимой отчётности.;var_accounting;calc;ед.: ₽/год · зависит от: acc_mode, acc_cost_month, months;черновик;;"IF(acc_mode=""Нанимаю специалиста"",acc_cost_month*months,0)";общий;
166;ИТОГО переменные;переименовать;Текущие расходы — Регулярные расходы специалиста, необходимые для поддержания профессиональной деятельности и выполнения работы в течение определённого периода.;variable_costs;calc;ед.: ₽/год · зависит от: var_*;черновик;;var_software+var_ads+var_bank+var_accounting+var_workspace;общий;
167;ВСЕГО РАСХОДОВ (C);нет понятия;;total_costs;calc;ед.: ₽/год · зависит от: investment, variable_costs;черновик;;investment+variable_costs;общий;
168;База для выручки;не сверяется;;revenue_base;calc;ед.: ₽/год · зависит от: target_income, total_costs;черновик;;target_income+total_costs;внутренний;
;;;;;;;;;;;
8 · Налоги;;;;;;;;;;;
№;Наименование;Статус (временный);Справочник · для сверки (временный);ID;Тип;Определение;Определение утверждено;Описание алгоритма;Формула (пример расчёта);Где используется;Решение (временный)
169;ПЕРЕКЛЮЧАТЕЛЬ · режим налогообложения;переименовать;Налоговый режим — Установленный законодательством порядок исчисления и уплаты налогов и обязательных платежей, применяемый специалистом в зависимости от выбранной системы налогообложения.;regime;switch;;;;Самозанятый (НПД), средняя ставка;общий;
170;НПД · средняя ставка;переименовать;Налоговый режим — Установленный законодательством порядок исчисления и уплаты налогов и обязательных платежей, применяемый специалистом в зависимости от выбранной системы налогообложения.;rate_npd_avg;default;ед.: %;черновик;;0.05;общий;
171;НПД · физлица;переименовать;Налоговый режим — Установленный законодательством порядок исчисления и уплаты налогов и обязательных платежей, применяемый специалистом в зависимости от выбранной системы налогообложения.;rate_npd_fiz;const;ед.: %;черновик;;0.04;общий;
172;НПД · юрлица;переименовать;Налоговый режим — Установленный законодательством порядок исчисления и уплаты налогов и обязательных платежей, применяемый специалистом в зависимости от выбранной системы налогообложения.;rate_npd_ur;const;ед.: %;черновик;;0.06;общий;
173;УСН доходы;переименовать;Налоговый режим — Установленный законодательством порядок исчисления и уплаты налогов и обязательных платежей, применяемый специалистом в зависимости от выбранной системы налогообложения.;rate_usn_inc;default;ед.: %;черновик;;0.06;общий;
174;УСН доходы минус расходы;переименовать;Налоговый режим — Установленный законодательством порядок исчисления и уплаты налогов и обязательных платежей, применяемый специалистом в зависимости от выбранной системы налогообложения.;rate_usn_prof;default;ед.: %;черновик;;0.15;общий;
175;АУСН доходы;переименовать;Налоговый режим — Установленный законодательством порядок исчисления и уплаты налогов и обязательных платежей, применяемый специалистом в зависимости от выбранной системы налогообложения.;rate_ausn_inc;const;ед.: %;черновик;;0.08;общий;
176;АУСН доходы минус расходы;переименовать;Налоговый режим — Установленный законодательством порядок исчисления и уплаты налогов и обязательных платежей, применяемый специалистом в зависимости от выбранной системы налогообложения.;rate_ausn_prof;const;ед.: %;черновик;;0.2;общий;
177;Номер режима (1–7);переименовать;Налоговый режим — Установленный законодательством порядок исчисления и уплаты налогов и обязательных платежей, применяемый специалистом в зависимости от выбранной системы налогообложения.;regime_no;calc;ед.: № · зависит от: regime;черновик;;"MATCH(regime,{""Самозанятый (НПД), средняя ставка"";""Самозанятый (НПД), Физ. лица"";""Самозанятый (НПД), Юр. лица"";""УСН доходы"";""УСН доходы минус расходы"";""АУСН доходы"";""АУСН доходы минус расходы""},0)";общий;
178;Ставка выбранного режима;переименовать;Налоговый режим — Установленный законодательством порядок исчисления и уплаты налогов и обязательных платежей, применяемый специалистом в зависимости от выбранной системы налогообложения.;rate_current;calc;ед.: % · зависит от: regime_no;черновик;;CHOOSE(regime_no,rate_npd_avg,rate_npd_fiz,rate_npd_ur,rate_usn_inc,rate_usn_prof,rate_ausn_inc,rate_ausn_prof);общий;
179;Фиксированные взносы ИП;переименовать;Страховые взносы — Обязательные платежи в государственные внебюджетные фонды и государственные системы страхования, связанные с осуществлением профессиональной деятельности и обеспечением социальных гарантий.;fixed_contrib;const;ед.: ₽/год;черновик;;57390;общий;
180;Дополнительный взнос;переименовать;Страховые взносы — Обязательные платежи в государственные внебюджетные фонды и государственные системы страхования, связанные с осуществлением профессиональной деятельности и обеспечением социальных гарантий.;extra_contrib;const;ед.: %;черновик;;0.01;общий;
181;Предельная величина дохода;переименовать;Страховые взносы — Обязательные платежи в государственные внебюджетные фонды и государственные системы страхования, связанные с осуществлением профессиональной деятельности и обеспечением социальных гарантий.;contrib_threshold;const;ед.: ₽/год;черновик;;300000;общий;
182;Максимум допвзноса;переименовать;Страховые взносы — Обязательные платежи в государственные внебюджетные фонды и государственные системы страхования, связанные с осуществлением профессиональной деятельности и обеспечением социальных гарантий.;contrib_cap;const;ед.: ₽/год;черновик;;321818;общий;
183;Поправка на порог;переименовать;Страховые взносы — Обязательные платежи в государственные внебюджетные фонды и государственные системы страхования, связанные с осуществлением профессиональной деятельности и обеспечением социальных гарантий.;threshold_credit;calc;ед.: ₽ · зависит от: contrib_threshold, extra_contrib;черновик;;contrib_threshold*extra_contrib;общий;
184;Минимальный налог УСН Д−Р;переименовать;Налоги — Обязательные платежи в бюджет, начисляемые и уплачиваемые специалистом в соответствии с применяемым налоговым режимом и законодательством Российской Федерации.;min_tax_usn;const;ед.: %;черновик;;0.01;общий;
185;Минимальный налог АУСН Д−Р;переименовать;Налоги — Обязательные платежи в бюджет, начисляемые и уплачиваемые специалистом в соответствии с применяемым налоговым режимом и законодательством Российской Федерации.;min_tax_ausn;const;ед.: %;черновик;;0.03;общий;
186;Взнос на травматизм (АУСН);переименовать;Страховые взносы — Обязательные платежи в государственные внебюджетные фонды и государственные системы страхования, связанные с осуществлением профессиональной деятельности и обеспечением социальных гарантий.;injury_contrib;default;ед.: ₽/год;черновик;;0;общий;
187;Эквайринг · ставка;тождественно;Эквайринг — Комиссия за приём безналичных платежей от клиентов с использованием банковских карт, электронных средств платежа и других платёжных инструментов.;acq_rate;default;Комиссия за приём безналичных платежей от клиентов с использованием банковских карт, электронных средств платежа и других платёжных инструментов.;согласовано;;0.027;общий;
188;Эквайринг · доля безналичных оплат;тождественно;Эквайринг — Комиссия за приём безналичных платежей от клиентов с использованием банковских карт, электронных средств платежа и других платёжных инструментов.;acq_share;default;Комиссия за приём безналичных платежей от клиентов с использованием банковских карт, электронных средств платежа и других платёжных инструментов.;согласовано;;1.0;общий;
189;Эквайринг · эффективно;тождественно;Эквайринг — Комиссия за приём безналичных платежей от клиентов с использованием банковских карт, электронных средств платежа и других платёжных инструментов.;acquiring;calc;Комиссия за приём безналичных платежей от клиентов с использованием банковских карт, электронных средств платежа и других платёжных инструментов.;согласовано;;acq_rate*acq_share;общий;
190;Порог освобождения от НДС;переименовать;Налоговый режим — Установленный законодательством порядок исчисления и уплаты налогов и обязательных платежей, применяемый специалистом в зависимости от выбранной системы налогообложения.;vat_threshold;const;ед.: ₽/год;черновик;;20000000;общий;
191;Лимит НПД;переименовать;Налоговый режим — Установленный законодательством порядок исчисления и уплаты налогов и обязательных платежей, применяемый специалистом в зависимости от выбранной системы налогообложения.;limit_npd;const;ед.: ₽/год;черновик;;2400000;общий;
192;Лимит АУСН;переименовать;Налоговый режим — Установленный законодательством порядок исчисления и уплаты налогов и обязательных платежей, применяемый специалистом в зависимости от выбранной системы налогообложения.;limit_ausn;const;ед.: ₽/год;черновик;;60000000;общий;
;;;;;;;;;;;
9 · Справочные ставки;;;;;;;;;;;
№;Наименование;Статус (временный);Справочник · для сверки (временный);ID;Тип;Определение;Определение утверждено;Описание алгоритма;Формула (пример расчёта);Где используется;Решение (временный)
193;Наивная ставка;не сверяется;;naive_rate;calc;ед.: ₽/ч · зависит от: target_income, shooting_time;черновик;;IF(shooting_time=0,0,target_income/shooting_time);внутренний;
194;Базовая ставка часа;не сверяется;;base_rate;calc;ед.: ₽/ч · зависит от: target_income, net_time;черновик;;target_income/net_time;внутренний;
195;Операционная ставка часа;не сверяется;;ops_rate;calc;ед.: ₽/ч · зависит от: revenue_base, shooting_time;черновик;;IF(shooting_time=0,0,revenue_base/shooting_time);внутренний;
196;ПОЛНАЯ ставка рабочего часа;переименовать;Полная стоимость часа работы — Вся выручка за год, разделённая на рабочее время — рабочие дни, умноженные на восемь часов. Показывает, сколько денег приносит один час работы до вычета расходов и налогов. Нужна, чтобы видеть разницу между тем, что платят клиенты, и тем, что остаётся на руки: между этими двумя величинами лежат все расходы дела, налоги и эквайринг.;full_hour_rate;calc;ед.: ₽/ч · зависит от: выручка, net_time;черновик;;IF(net_time=0,0,CHOOSE(regime_no,'05_Расчёт'!B4,'05_Расчёт'!C4,'05_Расчёт'!D4,'05_Расчёт'!E4,'05_Расчёт'!F4,'05_Расчёт'!G4,'05_Расчёт'!H4)/net_time);общий;
197;Сайт · оценка своего труда;тождественно;Сайт — Интернет-ресурс, предназначенный для представления специалиста, его услуг и портфолио, информирования потенциальных клиентов, привлечения обращений и получения заказов.;site_value;calc;Интернет-ресурс, предназначенный для представления специалиста, его услуг и портфолио, информирования потенциальных клиентов, привлечения обращений и получения заказов.;согласовано;;"IF(site_mode=""Нанимал (а) специалиста"",site_cost,site_hours*full_hour_rate)";общий;
;;;;;;;;;;;
Прочие;;;;;;;;;;;
№;Наименование;Статус (временный);Справочник · для сверки (временный);ID;Тип;Определение;Определение утверждено;Описание алгоритма;Формула (пример расчёта);Где используется;Решение (временный)
198;Время на заказы до резерва;не сверяется;;pool_gross;calc;ч/год;черновик;;net_time-side_time;внутренний;На утверждении: формулировка описывает время ПОСЛЕ вычета резерва, а параметр считается ДО. Уточнить.
199;ПЕРЕКЛЮЧАТЕЛЬ · резерв на форс-мажоры;переименовать;Резерв времени на форс-мажоры — Дополнительное время, закладываемое в рабочий график на непредвиденные обстоятельства, задержки, технические сбои и другие ситуации, которые могут увеличить продолжительность выполнения работы.;fm_on;default;;;;Заложить резерв;общий;
200;Резерв на форс-мажоры, %;переименовать;Резерв времени на форс-мажоры — Дополнительное время, закладываемое в рабочий график на непредвиденные обстоятельства, задержки, технические сбои и другие ситуации, которые могут увеличить продолжительность выполнения работы.;fm_pct;default;%;черновик;;0.05;общий;
201;Резерв на форс-мажоры, часов;переименовать;Резерв времени на форс-мажоры — Дополнительное время, закладываемое в рабочий график на непредвиденные обстоятельства, задержки, технические сбои и другие ситуации, которые могут увеличить продолжительность выполнения работы.;fm_time;calc;ч/год;черновик;;"IF(fm_on=""Заложить резерв"",pool_gross*fm_pct,0)";общий;
202;Резерв, часов в неделю;переименовать;Резерв времени на форс-мажоры — Дополнительное время, закладываемое в рабочий график на непредвиденные обстоятельства, задержки, технические сбои и другие ситуации, которые могут увеличить продолжительность выполнения работы.;fm_week;calc;ч/нед;черновик;;IF(net_weeks=0,0,fm_time/net_weeks);общий;
;;;;;;;;;;;
Z · Понятия справочника, которых нет в книге;;;;;;;;;;;
№;Наименование;Статус (временный);Справочник · для сверки (временный);ID;Тип;Определение;Определение утверждено;Описание алгоритма;Формула (пример расчёта);Где используется;Решение (временный)
203;Банковское обслуживание;тождественно;Банковское обслуживание — Расходы на ведение банковских счетов, проведение платежей и использование других банковских услуг, необходимых для профессиональной деятельности.;;понятие;Расходы на ведение банковских счетов, проведение платежей и использование других банковских услуг, необходимых для профессиональной деятельности.;согласовано;;;для пользователя;Завести в книге
204;Бухгалтерия;тождественно;Бухгалтерия — Ведение и обработка финансовой информации о деятельности специалиста, включая учёт доходов и расходов, расчёт обязательных платежей и подготовку необходимой отчётности.;;понятие;Ведение и обработка финансовой информации о деятельности специалиста, включая учёт доходов и расходов, расчёт обязательных платежей и подготовку необходимой отчётности.;согласовано;;;для пользователя;Завести в книге
205;Выработка ресурса;тождественно;Выработка ресурса — Использование установленного ресурса оборудования, выраженное в количестве предусмотренных производителем операций или циклов работы.;;понятие;Использование установленного ресурса оборудования, выраженное в количестве предусмотренных производителем операций или циклов работы.;согласовано;;;для пользователя;Завести в книге
206;Выходные и праздничные дни;тождественно;"Выходные и праздничные дни — Дни, в которые в соответствии с Трудовым кодексом Российской Федерации работник освобождён от исполнения трудовых обязанностей; конкретные даты выходных и нерабочих праздничных дней и их переносы определяются с учётом производственного календаря.";;понятие;"Дни, в которые в соответствии с Трудовым кодексом Российской Федерации работник освобождён от исполнения трудовых обязанностей; конкретные даты выходных и нерабочих праздничных дней и их переносы определяются с учётом производственного календаря.";согласовано;;;для пользователя;Завести в книге
207;Готовые кадры;тождественно;Готовые кадры — Снимки, полученные в результате проведения съёмочных работ и прошедшие первичную обработку.;;понятие;Снимки, полученные в результате проведения съёмочных работ и прошедшие первичную обработку.;согласовано;;;для пользователя;Завести в книге
208;Доля безналичных платежей;тождественно;Доля безналичных платежей — Процентная часть платежей, полученных специалистом за оказанные услуги в безналичной форме, от общего объёма полученных платежей за определённый период.;;понятие;Процентная часть платежей, полученных специалистом за оказанные услуги в безналичной форме, от общего объёма полученных платежей за определённый период.;согласовано;;;для пользователя;Завести в книге
209;Доход на руки;тождественно;Доход на руки — Сумма денежных средств, остающаяся у специалиста после вычета налогов, обязательных платежей и других предусмотренных расходов.;;понятие;Сумма денежных средств, остающаяся у специалиста после вычета налогов, обязательных платежей и других предусмотренных расходов.;согласовано;;;для пользователя;Завести в книге
210;Желаемая ставка;тождественно;Желаемая ставка — Стоимость одного часа работы, которую специалист планирует получать с учётом желаемого дохода, расходов, налогов и других обязательных платежей.;;понятие;Стоимость одного часа работы, которую специалист планирует получать с учётом желаемого дохода, расходов, налогов и других обязательных платежей.;согласовано;;;для пользователя;Завести в книге
211;Загрузка специалиста;тождественно;Загрузка специалиста — Доля рабочего времени специалиста, фактически занятая выполнением оплачиваемой работы, от общего доступного рабочего времени за определённый период.;;понятие;Доля рабочего времени специалиста, фактически занятая выполнением оплачиваемой работы, от общего доступного рабочего времени за определённый период.;согласовано;;;для пользователя;Завести в книге
212;Запас на скидку;тождественно;Запас на скидку — Часть стоимости услуги, заранее заложенная в цену для возможности предоставить клиенту скидку без снижения планируемого дохода специалиста.;;понятие;Часть стоимости услуги, заранее заложенная в цену для возможности предоставить клиенту скидку без снижения планируемого дохода специалиста.;согласовано;;;для пользователя;Завести в книге
213;Износ камеры;тождественно;Износ камеры — Степень физического и эксплуатационного старения камеры в результате её использования, выраженная в снижении остаточного ресурса и необходимости последующей замены или ремонта.;;понятие;Степень физического и эксплуатационного старения камеры в результате её использования, выраженная в снижении остаточного ресурса и необходимости последующей замены или ремонта.;согласовано;;;для пользователя;Завести в книге
214;Логистика;тождественно;Логистика — Организация перемещения специалиста, оборудования, материалов и готового результата между местами работы, хранения и передачи.;;понятие;Организация перемещения специалиста, оборудования, материалов и готового результата между местами работы, хранения и передачи.;согласовано;;;для пользователя;Завести в книге
215;Минимальный выезд;тождественно;Минимальный выезд — Минимальная стоимость заказа с выездом специалиста, ниже которой выполнение такого заказа экономически нецелесообразно.;;понятие;Минимальная стоимость заказа с выездом специалиста, ниже которой выполнение такого заказа экономически нецелесообразно.;согласовано;;;для пользователя;Завести в книге
216;Налоги;тождественно;Налоги — Обязательные платежи в бюджет, начисляемые и уплачиваемые специалистом в соответствии с применяемым налоговым режимом и законодательством Российской Федерации.;;понятие;Обязательные платежи в бюджет, начисляемые и уплачиваемые специалистом в соответствии с применяемым налоговым режимом и законодательством Российской Федерации.;согласовано;;;для пользователя;Завести в книге
217;Налоговый режим;тождественно;Налоговый режим — Установленный законодательством порядок исчисления и уплаты налогов и обязательных платежей, применяемый специалистом в зависимости от выбранной системы налогообложения.;;понятие;Установленный законодательством порядок исчисления и уплаты налогов и обязательных платежей, применяемый специалистом в зависимости от выбранной системы налогообложения.;согласовано;;;для пользователя;Завести в книге
218;Наценка к себестоимости;тождественно;Наценка к себестоимости — Процентное или денежное увеличение себестоимости услуги, формирующее дополнительную сумму сверх затрат и обеспечивающее получение прибыли.;;понятие;Процентное или денежное увеличение себестоимости услуги, формирующее дополнительную сумму сверх затрат и обеспечивающее получение прибыли.;согласовано;;;для пользователя;Завести в книге
219;Обустройство рабочего места;тождественно;Обустройство рабочего места — Затраты на создание и оснащение пространства, необходимого специалисту для выполнения профессиональной деятельности.;;понятие;Затраты на создание и оснащение пространства, необходимого специалисту для выполнения профессиональной деятельности.;согласовано;;;для пользователя;Завести в книге
220;Операционная работа с клиентами;тождественно;Операционная работа с клиентами — Рабочие действия специалиста, связанные с поиском, привлечением и поддержанием взаимодействия с клиентами вне рамок конкретного проекта: обработка обращений, переговоры, ответы на вопросы, повторные контакты и поддержание отношений с потенциальными и действующими клиентами.;;понятие;Рабочие действия специалиста, связанные с поиском, привлечением и поддержанием взаимодействия с клиентами вне рамок конкретного проекта: обработка обращений, переговоры, ответы на вопросы, повторные контакты и поддержание отношений с потенциальными и действующими клиентами.;согласовано;;;для пользователя;Завести в книге
221;Остаток ресурса;тождественно;Остаток ресурса — Неиспользованная часть рабочего ресурса оборудования, которую специалист может использовать до достижения установленного срока службы или предельного количества операций.;;понятие;Неиспользованная часть рабочего ресурса оборудования, которую специалист может использовать до достижения установленного срока службы или предельного количества операций.;согласовано;;;для пользователя;Завести в книге
222;Отчётность;тождественно;Отчётность — Систематизированная информация о доходах, расходах, результатах деятельности и обязательствах специалиста, подготовленная за определённый период для анализа, контроля или предоставления в налоговые и иные соответствующие органы в установленных случаях.;;понятие;Систематизированная информация о доходах, расходах, результатах деятельности и обязательствах специалиста, подготовленная за определённый период для анализа, контроля или предоставления в налоговые и иные соответствующие органы в установленных случаях.;согласовано;;;для пользователя;Завести в книге
223;Офисное оборудование;тождественно;Офисное оборудование — Оборудование и технические средства, используемые для организации рабочего процесса, выполнения административных задач и обеспечения повседневной деятельности специалиста.;;понятие;Оборудование и технические средства, используемые для организации рабочего процесса, выполнения административных задач и обеспечения повседневной деятельности специалиста.;согласовано;;;для пользователя;Завести в книге
224;ПО;тождественно;ПО — Программное обеспечение, используемое специалистом для выполнения профессиональных задач, обработки материалов и организации рабочего процесса.;;понятие;Программное обеспечение, используемое специалистом для выполнения профессиональных задач, обработки материалов и организации рабочего процесса.;согласовано;;;для пользователя;Завести в книге
225;Первичная обработка;тождественно;"Первичная обработка — Комплекс действий с отснятым фотоматериалом, выполняемых специалистом с использованием специализированных компьютерных программ для подготовки материала к дальнейшему использованию. Включает подготовку материала: создание и организацию папок и файлов, выгрузку материала с карт памяти, резервное копирование; отбор материала: просмотр отснятого материала, удаление технического брака, отбор удачных кадров, исключение дублей, кадров с закрытыми глазами и явно неудачных кадров; базовую цветокоррекцию: коррекцию экспозиции, баланса белого, контраста, светлых и тёмных областей, резкости и насыщенности, приведение всей серии к единому цвету и свету; коррекцию кадра: кадрирование, выравнивание горизонта, коррекцию перспективы и искажений объектива, удаление крупных лишних объектов из кадра; подготовку и передачу результата: импорт и экспорт из программы обработки, подготовку файлов, изменение размера и формата при необходимости. Ретушь в первичную обработку не входит.";;понятие;"Комплекс действий с отснятым фотоматериалом, выполняемых специалистом с использованием специализированных компьютерных программ для подготовки материала к дальнейшему использованию. Включает подготовку материала: создание и организацию папок и файлов, выгрузку материала с карт памяти, резервное копирование; отбор материала: просмотр отснятого материала, удаление технического брака, отбор удачных кадров, исключение дублей, кадров с закрытыми глазами и явно неудачных кадров; базовую цветокоррекцию: коррекцию экспозиции, баланса белого, контраста, светлых и тёмных областей, резкости и насыщенности, приведение всей серии к единому цвету и свету; коррекцию кадра: кадрирование, выравнивание горизонта, коррекцию перспективы и искажений объектива, удаление крупных лишних объектов из кадра; подготовку и передачу результата: импорт и экспорт из программы обработки, подготовку файлов, изменение размера и формата при необходимости. Ретушь в первичную обработку не входит.";согласовано;;;для пользователя;Завести в книге
226;Подарочный сертификат;тождественно;Подарочный сертификат — Документ, подтверждающий право его владельца получить определённую услугу или набор услуг на указанную в сертификате сумму или в соответствии с установленными условиями.;;понятие;Документ, подтверждающий право его владельца получить определённую услугу или набор услуг на указанную в сертификате сумму или в соответствии с установленными условиями.;согласовано;;;для пользователя;Завести в книге
227;Подписки;тождественно;Подписки — Регулярные платежи за доступ к программам, сервисам, платформам и другим цифровым инструментам, необходимым специалисту для работы.;;понятие;Регулярные платежи за доступ к программам, сервисам, платформам и другим цифровым инструментам, необходимым специалисту для работы.;согласовано;;;для пользователя;Завести в книге
228;Поиск заказов;тождественно;Поиск заказов — Действия специалиста по выявлению потенциальных клиентов и получению новых заказов на оказание услуг.;;понятие;Действия специалиста по выявлению потенциальных клиентов и получению новых заказов на оказание услуг.;согласовано;;;для пользователя;Завести в книге
229;Полная стоимость часа работы;тождественно;Полная стоимость часа работы — Вся выручка за год, разделённая на рабочее время — рабочие дни, умноженные на восемь часов. Показывает, сколько денег приносит один час работы до вычета расходов и налогов. Нужна, чтобы видеть разницу между тем, что платят клиенты, и тем, что остаётся на руки: между этими двумя величинами лежат все расходы дела, налоги и эквайринг.;;понятие;Вся выручка за год, разделённая на рабочее время — рабочие дни, умноженные на восемь часов. Показывает, сколько денег приносит один час работы до вычета расходов и налогов. Нужна, чтобы видеть разницу между тем, что платят клиенты, и тем, что остаётся на руки: между этими двумя величинами лежат все расходы дела, налоги и эквайринг.;согласовано;;;для пользователя;Завести в книге
230;Прайс;тождественно;Прайс — Перечень услуг с указанием их стоимости и, при необходимости, основных условий их предоставления.;;понятие;Перечень услуг с указанием их стоимости и, при необходимости, основных условий их предоставления.;согласовано;;;для пользователя;Завести в книге
231;Программа лояльности;тождественно;Программа лояльности — Система условий и поощрений, направленная на привлечение и удержание клиентов и стимулирование их повторных покупок или заказов.;;понятие;Система условий и поощрений, направленная на привлечение и удержание клиентов и стимулирование их повторных покупок или заказов.;согласовано;;;для пользователя;Завести в книге
232;Продолжительность съёмки;тождественно;Продолжительность съёмки — Время, затрачиваемое специалистом непосредственно на проведение съёмочных работ, от начала до завершения съёмки.;;понятие;Время, затрачиваемое специалистом непосредственно на проведение съёмочных работ, от начала до завершения съёмки.;согласовано;;;для пользователя;Завести в книге
233;Проектная работа с клиентами;тождественно;Проектная работа с клиентами — Рабочие действия специалиста, связанные с взаимодействием с клиентом в рамках конкретного проекта: обсуждение задачи, согласование условий и деталей работы, подготовка к проекту, коммуникация в процессе его выполнения, согласование результата и завершение проекта.;;понятие;Рабочие действия специалиста, связанные с взаимодействием с клиентом в рамках конкретного проекта: обсуждение задачи, согласование условий и деталей работы, подготовка к проекту, коммуникация в процессе его выполнения, согласование результата и завершение проекта.;согласовано;;;для пользователя;Завести в книге
234;Прямые расходы;тождественно;Прямые расходы — Расходы, непосредственно связанные с выполнением конкретного заказа или проекта и возникающие в процессе оказания услуги.;;понятие;Расходы, непосредственно связанные с выполнением конкретного заказа или проекта и возникающие в процессе оказания услуги.;согласовано;;;для пользователя;Завести в книге
235;Работа с клиентами;тождественно;Работа с клиентами — Совокупность рабочих действий специалиста, связанных с привлечением, коммуникацией и сопровождением клиентов на разных этапах взаимодействия.;;понятие;Совокупность рабочих действий специалиста, связанных с привлечением, коммуникацией и сопровождением клиентов на разных этапах взаимодействия.;согласовано;;;для пользователя;Завести в книге
236;Рабочие паузы;тождественно;Рабочие паузы — Кратковременные перерывы в течение рабочего времени, связанные с отдыхом, личными потребностями и временным отвлечением от выполнения профессиональных задач.;;понятие;Кратковременные перерывы в течение рабочего времени, связанные с отдыхом, личными потребностями и временным отвлечением от выполнения профессиональных задач.;согласовано;;;для пользователя;Завести в книге
237;Резерв времени на форс-мажоры;тождественно;Резерв времени на форс-мажоры — Дополнительное время, закладываемое в рабочий график на непредвиденные обстоятельства, задержки, технические сбои и другие ситуации, которые могут увеличить продолжительность выполнения работы.;;понятие;Дополнительное время, закладываемое в рабочий график на непредвиденные обстоятельства, задержки, технические сбои и другие ситуации, которые могут увеличить продолжительность выполнения работы.;согласовано;;;для пользователя;Завести в книге
238;Резерв на программу лояльности;тождественно;Резерв на программу лояльности — Часть дохода, которую специалист заранее закладывает на предоставление скидок, бонусов, подарков и других поощрений клиентам в рамках программы лояльности.;;понятие;Часть дохода, которую специалист заранее закладывает на предоставление скидок, бонусов, подарков и других поощрений клиентам в рамках программы лояльности.;согласовано;;;для пользователя;Завести в книге
239;Резерв на развитие;тождественно;Резерв на развитие — Часть дохода, которую специалист или бизнес заранее откладывает для финансирования будущего развития, улучшения профессиональной деятельности и реализации новых возможностей.;;понятие;Часть дохода, которую специалист или бизнес заранее откладывает для финансирования будущего развития, улучшения профессиональной деятельности и реализации новых возможностей.;согласовано;;;для пользователя;Завести в книге
240;Реклама;тождественно;Реклама — Распространение информации о специалисте, его услугах или продуктах с целью привлечения внимания потенциальных клиентов и стимулирования спроса.;;понятие;Распространение информации о специалисте, его услугах или продуктах с целью привлечения внимания потенциальных клиентов и стимулирования спроса.;согласовано;;;для пользователя;Завести в книге
241;Ресурс затвора;тождественно;Ресурс затвора — Расчётное количество срабатываний затвора камеры, которое предусмотрено производителем до достижения установленного уровня его эксплуатационного ресурса.;;понятие;Расчётное количество срабатываний затвора камеры, которое предусмотрено производителем до достижения установленного уровня его эксплуатационного ресурса.;согласовано;;;для пользователя;Завести в книге
242;Себестоимость часа съёмки;тождественно;Себестоимость часа съёмки — Сумма затрат, необходимых специалисту для проведения одного съёмочного часа, включая прямые и распределённые расходы, связанные с выполнением съёмочных работ.;;понятие;Сумма затрат, необходимых специалисту для проведения одного съёмочного часа, включая прямые и распределённые расходы, связанные с выполнением съёмочных работ.;согласовано;;;для пользователя;Завести в книге
243;Скидка за объём;тождественно;Скидка за объём — Снижение стоимости единицы услуги при увеличении объёма заказа или количества приобретаемых услуг.;;понятие;Снижение стоимости единицы услуги при увеличении объёма заказа или количества приобретаемых услуг.;согласовано;;;для пользователя;Завести в книге
244;Срабатывание затвора;тождественно;Срабатывание затвора — Однократный цикл работы затвора камеры, происходящий при создании снимка и учитываемый при определении выработки ресурса затвора.;;понятие;Однократный цикл работы затвора камеры, происходящий при создании снимка и учитываемый при определении выработки ресурса затвора.;согласовано;;;для пользователя;Завести в книге
245;Средний чек съёмки;тождественно;Средний чек съёмки — Средняя стоимость одной съёмки, рассчитанная на основе общей выручки от съёмок и их количества за определённый период.;;понятие;Средняя стоимость одной съёмки, рассчитанная на основе общей выручки от съёмок и их количества за определённый период.;согласовано;;;для пользователя;Завести в книге
246;Срок службы;тождественно;Срок службы — Период, в течение которого оборудование или другое имущество может использоваться по назначению при соблюдении установленных условий эксплуатации.;;понятие;Период, в течение которого оборудование или другое имущество может использоваться по назначению при соблюдении установленных условий эксплуатации.;согласовано;;;для пользователя;Завести в книге
247;Ставка в ноль;тождественно;Ставка в ноль — Минимальная стоимость одного часа работы, при которой полученная выручка полностью покрывает все расходы специалиста, но не приносит ему прибыли.;;понятие;Минимальная стоимость одного часа работы, при которой полученная выручка полностью покрывает все расходы специалиста, но не приносит ему прибыли.;согласовано;;;для пользователя;Завести в книге
248;Ставка часа съёмки (стоимость съёмочного часа);тождественно;Ставка часа съёмки (стоимость съёмочного часа) — Стоимость одного часа съёмочных работ, установленная специалистом с учётом его дохода, затрат, налогов, взносов и других расходов, связанных с профессиональной деятельностью.;;понятие;Стоимость одного часа съёмочных работ, установленная специалистом с учётом его дохода, затрат, налогов, взносов и других расходов, связанных с профессиональной деятельностью.;согласовано;;;для пользователя;Завести в книге
249;Стоимость клиентского часа;тождественно;Стоимость клиентского часа — Стоимость одного часа работы специалиста для клиента. Считается так: выручка за год делится на проектное время — часы, которые остаются на выполнение заказов после вычета поиска клиентов, учёта и резерва на форс-мажоры. Нужна, чтобы самостоятельно назначать цену на услуги вне съёмки: консультации, организацию съёмки, подбор команды. Такой час выполняется вместо заказа, поэтому и стоить должен как час заказа, иначе работа выполняется в убыток.;;понятие;Стоимость одного часа работы специалиста для клиента. Считается так: выручка за год делится на проектное время — часы, которые остаются на выполнение заказов после вычета поиска клиентов, учёта и резерва на форс-мажоры. Нужна, чтобы самостоятельно назначать цену на услуги вне съёмки: консультации, организацию съёмки, подбор команды. Такой час выполняется вместо заказа, поэтому и стоить должен как час заказа, иначе работа выполняется в убыток.;согласовано;;;для пользователя;Завести в книге
250;Страховые взносы;тождественно;Страховые взносы — Обязательные платежи в государственные внебюджетные фонды и государственные системы страхования, связанные с осуществлением профессиональной деятельности и обеспечением социальных гарантий.;;понятие;Обязательные платежи в государственные внебюджетные фонды и государственные системы страхования, связанные с осуществлением профессиональной деятельности и обеспечением социальных гарантий.;согласовано;;;для пользователя;Завести в книге
251;Съёмка;тождественно;Съёмка — Процесс создания фотоматериала с использованием фотооборудования в соответствии с поставленной задачей, условиями и сценарием съёмочного проекта.;;понятие;Процесс создания фотоматериала с использованием фотооборудования в соответствии с поставленной задачей, условиями и сценарием съёмочного проекта.;согласовано;;;для пользователя;Завести в книге
252;Съёмочное оборудование;тождественно;Съёмочное оборудование — Неизменный рабочий комплект оборудования, который фотограф использует на каждой съёмке и без которого проведение съёмочного процесса невозможно или существенно затруднено. Узкоспециализированное оборудование для разовых или нестандартных проектов в основной комплект не входит и учитывается отдельно в зависимости от конкретных задач.;;понятие;Неизменный рабочий комплект оборудования, который фотограф использует на каждой съёмке и без которого проведение съёмочного процесса невозможно или существенно затруднено. Узкоспециализированное оборудование для разовых или нестандартных проектов в основной комплект не входит и учитывается отдельно в зависимости от конкретных задач.;согласовано;;;для пользователя;Завести в книге
253;Съёмочный проект;тождественно;Съёмочный проект — Отдельный заказ на проведение съёмочных работ, который может включать одну или несколько съёмок и несколько съёмочных часов, объединённых общей задачей, результатом и условиями выполнения.;;понятие;Отдельный заказ на проведение съёмочных работ, который может включать одну или несколько съёмок и несколько съёмочных часов, объединённых общей задачей, результатом и условиями выполнения.;согласовано;;;для пользователя;Завести в книге
254;Съёмочный час;тождественно;Съёмочный час — Единица рабочего времени, в течение которой специалист непосредственно выполняет съёмочные работы в рамках одного заказа или проекта.;;понятие;Единица рабочего времени, в течение которой специалист непосредственно выполняет съёмочные работы в рамках одного заказа или проекта.;согласовано;;;для пользователя;Завести в книге
255;Текущие расходы;тождественно;Текущие расходы — Регулярные расходы специалиста, необходимые для поддержания профессиональной деятельности и выполнения работы в течение определённого периода.;;понятие;Регулярные расходы специалиста, необходимые для поддержания профессиональной деятельности и выполнения работы в течение определённого периода.;согласовано;;;для пользователя;Завести в книге
256;Фактическая стоимость часа работы;тождественно;Фактическая стоимость часа работы — Сумма денежных средств, которую специалист получает за один час рабочего времени. Считается так: доход на руки за год делится на рабочее время — рабочие дни, умноженные на восемь часов. Нужна, чтобы понимать свой реальный заработок за час и сравнивать его с зарплатой наёмного сотрудника той же профессии.;;понятие;Сумма денежных средств, которую специалист получает за один час рабочего времени. Считается так: доход на руки за год делится на рабочее время — рабочие дни, умноженные на восемь часов. Нужна, чтобы понимать свой реальный заработок за час и сравнивать его с зарплатой наёмного сотрудника той же профессии.;согласовано;;;для пользователя;Завести в книге
257;Фонд программы лояльности;тождественно;Фонд программы лояльности — Сформированная сумма денежных средств, предназначенная для финансирования скидок, бонусов, подарков и других поощрений клиентов в рамках программы лояльности.;;понятие;Сформированная сумма денежных средств, предназначенная для финансирования скидок, бонусов, подарков и других поощрений клиентов в рамках программы лояльности.;согласовано;;;для пользователя;Завести в книге
258;Фонд развития;тождественно;Фонд развития — Сформированная сумма денежных средств, предназначенная для финансирования развития специалиста или бизнеса, включая приобретение оборудования, обучение, продвижение, внедрение новых инструментов и другие инвестиции в рост.;;понятие;Сформированная сумма денежных средств, предназначенная для финансирования развития специалиста или бизнеса, включая приобретение оборудования, обучение, продвижение, внедрение новых инструментов и другие инвестиции в рост.;согласовано;;;для пользователя;Завести в книге
259;Эффективное рабочее время;тождественно;Эффективное рабочее время — Часть рабочего времени, фактически используемая для выполнения профессиональных задач, за исключением времени на отдых, кратковременные личные перерывы и другие непроизводительные отвлечения, не связанные непосредственно с выполнением работы.;;понятие;Часть рабочего времени, фактически используемая для выполнения профессиональных задач, за исключением времени на отдых, кратковременные личные перерывы и другие непроизводительные отвлечения, не связанные непосредственно с выполнением работы.;согласовано;;;для пользователя;Завести в книге
260;Юнит-экономика;тождественно;Юнит-экономика — Расчёт доходов, расходов и финансового результата в расчёте на одну единицу деятельности специалиста, например один час работы, одну услугу, один заказ или один съёмочный проект. Позволяет определить реальную стоимость выполнения работы, понять, сколько специалист зарабатывает после покрытия всех связанных с деятельностью затрат, определить необходимую стоимость услуг и оценить экономическую эффективность своей работы.;;понятие;Расчёт доходов, расходов и финансового результата в расчёте на одну единицу деятельности специалиста, например один час работы, одну услугу, один заказ или один съёмочный проект. Позволяет определить реальную стоимость выполнения работы, понять, сколько специалист зарабатывает после покрытия всех связанных с деятельностью затрат, определить необходимую стоимость услуг и оценить экономическую эффективность своей работы.;согласовано;;;для пользователя;Завести в книге
